id;size;xpos;ypos;zpos;xsize;ysize;zsize;weightedx;weightedy;weightedz;minaxis;medaxis;majaxis;eccentricity;elongation;orientation;integratedintensty;sigma;seedIntensity;seedScale;minIntensityForeground;maxIntensityForeground;minIntensityBackground;maxIntensityBackground;volumeForeground;volumeBackground;foregroundIntensity;backgroundIntensity;fg/bg ratio;integratedGradientMag
1;9301;200;74;2;72;73;5;2.98083;1.17813;0.0266207;5.28569;56.5126;66.7956;0.996864;12.6371;1.14092;2930.06;0;0.904382;6;0.163347;1;0;0.7251;9301;120959;0.315026;0.042957;7.33353;611.866
2;11584;45;95;1;72;91;5;0;0;0;3.63394;62.6414;89.7798;0.99918;24.7059;1.91483;2186.66;0;0.131474;7;0.0996016;0.924303;0;0.784861;11584;122551;0.188765;0.017441;10.8231;434.833
3;7846;264;109;1;52;66;5;0;0;0;4.38636;44.8065;62.4897;0.997533;14.2464;1.43279;2312.1;0;0.262948;5;0.151394;0.61753;0;1;7846;88759;0.294684;0.0500157;5.89183;364.808
4;7593;186;204;1;69;66;4;0;0;0;3.28971;53.9143;68.0614;0.998831;20.6891;0.735125;2922.73;0;0.418327;6;0.195219;0.749004;0;1;7593;131852;0.384925;0.0266511;14.4432;530.266
5;8817;64;227;1;77;78;5;0.0572734;0.219201;0;3.32126;61.1091;78.1369;0.999096;23.5263;2.12031;1920.61;0;0.302789;6;0.111554;1;0;1;8817;110588;0.21783;0.039312;5.54105;411.536
6;13215;415;290;1;65;85;5;5.51088;3.82727;0.00926104;4.28203;62.1682;83.2186;0.998675;19.4344;1.76868;5290.98;0;0.262948;7;0.203187;1;0;1;13215;173030;0.400376;0.0143616;27.8783;1138.07
7;5465;133;296;1;59;61;4;0.262827;0.573888;0;3.05349;52.6869;59.4133;0.998678;19.4575;2.21174;2031.76;0;0.406375;5;0.191235;1;0;0.928287;5465;91140;0.371777;0.0427024;8.70623;471.357
8;5672;256;368;1;55;67;4;2.95832;4.24931;0.00427222;3.4458;46.6967;62.6902;0.998488;18.1932;1.50932;2574.77;0;0.545817;5;0.231076;1;0;1;5672;90933;0.453943;0.0295134;15.3809;520.314
9;3596;177;420;1;54;47;4;0;0;0;2.82308;45.8121;50.5935;0.998442;17.9214;0.635687;913.131;0;0.167331;5;0.131474;0.864542;0;1;3596;63124;0.253929;0.0288654;8.797;193.544
