id;size;xpos;ypos;zpos;xsize;ysize;zsize;weightedx;weightedy;weightedz;minaxis;medaxis;majaxis;eccentricity;elongation;orientation;integratedintensty;sigma;seedIntensity;seedScale;minIntensityForeground;maxIntensityForeground;minIntensityBackground;maxIntensityBackground;volumeForeground;volumeBackground;foregroundIntensity;backgroundIntensity;fg/bg ratio;integratedGradientMag
1;9575;209;74;2;73;70;5;6.27068;2.43743;0.0716591;5.23576;57.2835;65.6659;0.996816;12.5418;0.934485;2944.5;0;0.474104;6;0.159363;1;0;0.593625;9575;120685;0.307519;0.0427458;7.19414;626
2;8555;37;102;1;64;79;5;0;0;0;3.51345;58.1635;74.5748;0.99889;21.2255;1.77614;1583.64;0;0.250996;6;0.0956175;0.804781;0;0.681275;8555;88305;0.185112;0.0232378;7.96598;330.568
3;7751;269;118;1;51;64;5;0;0;0;4.3765;45.5927;60.7826;0.997404;13.8884;1.47613;2298.29;0;0.342629;5;0.151394;0.593625;0;1;7751;88854;0.296515;0.0504591;5.87635;356.487
4;6396;181;202;1;64;59;4;0;0;0;3.306;50.1401;60.7319;0.998517;18.3702;0.578835;2456.53;0;0.418327;5;0.195219;0.721116;0;0.721116;6396;90209;0.384073;0.0225887;17.0029;439.24
5;8123;63;240;1;76;79;4;0.0620333;0.251427;0;3.06776;62.093;77.1939;0.99921;25.1629;2.17947;1821.6;0;0.191235;6;0.115538;1;0;1;8123;111282;0.224251;0.0374752;5.98397;414.647
6;12472;414;289;1;67;84;5;6.72789;4.69557;0.0119156;4.05997;63.5118;81.8951;0.99877;20.1713;1.78409;4951.48;0;0.203187;7;0.203187;1;0;1;12472;173773;0.397006;0.0143787;27.6107;1057.56
7;5000;135;307;1;57;61;4;0.275747;0.624518;0;2.90913;51.4116;58.6578;0.998769;20.1634;2.01678;1835.02;0;0.521912;5;0.187251;1;0;0.988048;5000;91605;0.367004;0.0387147;9.4797;421.485
8;5044;262;361;1;50;64;5;2.90586;3.95463;0.00590621;3.33536;44.5008;61.4573;0.998526;18.426;1.43685;2370.39;0;0.422311;5;0.239044;1;0;1;5044;91561;0.469941;0.0276336;17.0061;493.892
9;3108;178;424;1;55;42;3;0;0;0;2.62811;43.073;50.1381;0.998625;19.0776;0.187898;785.538;0;0.239044;5;0.131474;0.876494;0;0.984064;3108;59442;0.252747;0.0173904;14.5337;166.175
