id;size;xpos;ypos;zpos;xsize;ysize;zsize;weightedx;weightedy;weightedz;minaxis;medaxis;majaxis;eccentricity;elongation;orientation;integratedintensty;sigma;seedIntensity;seedScale;minIntensityForeground;maxIntensityForeground;minIntensityBackground;maxIntensityBackground;volumeForeground;volumeBackground;foregroundIntensity;backgroundIntensity;fg/bg ratio;integratedGradientMag
1;874;134;3;1;47;10;4;0;0;0;3.40026;10.2027;41.7118;0.996672;12.2672;0.0148916;195.355;0;0.179283;5;0.115538;0.657371;0;0.605578;874;47081;0.223518;0.0307847;7.26067;55.0103
2;11610;25;101;1;62;101;5;0.346896;1.79117;0.0258057;4.1618;56.7786;92.3026;0.998983;22.1785;1.84388;2363.82;0;0.286853;8;0.103586;1;0;0.52988;11610;112745;0.203602;0.0139521;14.5929;600.225
3;9932;272;142;1;61;79;5;0;0;0;3.6373;54.7079;77.9239;0.99891;21.4235;1.64272;2849.05;0;0.334661;6;0.14741;0.585657;0;0.625498;9932;129513;0.286855;0.0281679;10.1837;471.61
4;8394;147;162;1;71;69;4;0;0;0;3.35634;56.8415;70.0071;0.99885;20.8582;0.65097;2806.78;0;0.386454;6;0.171315;0.717131;0;1;8394;131051;0.334378;0.0194412;17.1995;494.204
5;16065;420;267;1;71;95;5;4.48731;2.7097;0.0069893;4.26389;70.221;90.7235;0.998895;21.2772;1.64303;5579.96;0;0.298805;8;0.179283;1;0;1;16065;205125;0.347334;0.0131737;26.3656;1172.67
6;12913;32;280;1;71;100;5;0;0;0;3.2217;66.1664;98.7101;0.999467;30.6391;1.81933;3340.75;0;0.250996;8;0.135458;0.585657;0;0.912351;12913;139292;0.25871;0.0177154;14.6037;621.367
7;9755;252;321;1;68;85;4;0.472061;0.65738;0.000287317;3.45961;57.9884;88.1613;0.99923;25.483;1.31996;3480.48;0;0.286853;7;0.183267;1;0;1;9755;176490;0.35679;0.0264332;13.4978;768.729
8;5536;163;343;1;62;53;4;0.462214;0.849776;0.000622091;3.30139;48.9581;56.6573;0.998301;17.1616;2.98092;1607.48;0;0.310757;5;0.14741;1;0;0.968127;5536;91069;0.290369;0.0350383;8.28717;332.498
9;14344;215;54;2;70;65;5;0;0;0;5.43155;59.5844;67.8846;0.996794;12.4982;0.129034;4246.98;0;0.442231;6;0.151394;0.625498;0;0.657371;14344;96711;0.296078;0.0278835;10.6184;698.181
