id;size;xpos;ypos;zpos;xsize;ysize;zsize;weightedx;weightedy;weightedz;minaxis;medaxis;majaxis;eccentricity;elongation;orientation;integratedintensty;sigma;seedIntensity;seedScale;minIntensityForeground;maxIntensityForeground;minIntensityBackground;maxIntensityBackground;volumeForeground;volumeBackground;foregroundIntensity;backgroundIntensity;fg/bg ratio;integratedGradientMag
1;12805;26;102;1;63;94;5;0;0;0;3.88974;57.1353;93.4013;0.999132;24.0122;1.84515;2540.03;0;0.12749;8;0.103586;0.553785;0;0.681275;12805;123275;0.198363;0.0148775;13.3331;451.779
2;10837;282;147;1;66;89;5;0;0;0;3.42895;58.1329;84.7875;0.999182;24.7269;1.44231;2976.45;0;0.219124;7;0.139442;0.61753;0;0.605578;10837;175408;0.274654;0.0190473;14.4196;520.753
3;8505;146;159;1;74;69;4;0;0;0;3.21728;60.3658;70.6562;0.998963;21.9614;0.320713;2724.74;0;0.501992;6;0.163347;0.87251;0;0.689243;8505;130940;0.320368;0.0207811;15.4163;527.427
4;16184;414;265;1;73;93;5;5.46031;3.40258;0.0118031;4.26731;69.3682;89.3158;0.998858;20.9302;1.62581;5761.22;0;0.358566;8;0.183267;1;0;0.677291;16184;215956;0.355981;0.0141172;25.2162;1291.49
5;10562;253;314;1;70;86;5;0.810787;1.06286;0.00138501;3.58422;60.0498;87.487;0.99916;24.4089;1.25265;3610.07;0;0.501992;7;0.175299;1;0;1;10562;175683;0.341798;0.0230132;14.8523;759.662
6;5871;157;350;1;63;54;4;0.118437;0.226685;0;3.36933;49.1252;56.8391;0.998241;16.8696;0.0325087;1570.46;0;0.247012;5;0.135458;1;0;0.912351;5871;90734;0.267494;0.0343635;7.78426;329.797
