id;size;xpos;ypos;zpos;xsize;ysize;zsize;weightedx;weightedy;weightedz;minaxis;medaxis;majaxis;eccentricity;elongation;orientation;integratedintensty;sigma;seedIntensity;seedScale;minIntensityForeground;maxIntensityForeground;minIntensityBackground;maxIntensityBackground;volumeForeground;volumeBackground;foregroundIntensity;backgroundIntensity;fg/bg ratio;integratedGradientMag
1;9607;214;67;1;70;79;5;0;0;0;4.8;50.983;71.3582;0.997735;14.8663;1.25204;1401.16;0;0.0677291;6;0.0756972;0.47012;0;0.992032;9607;118148;0.145846;0.0237141;6.15017;233.804
2;9318;23;95;1;58;86;5;0;0;0;3.48656;53.309;86.0494;0.999179;24.6803;1.78868;1719.16;0;0.167331;8;0.0956175;0.466135;0;0.645418;9318;110162;0.184497;0.0162785;11.3338;331.947
3;5093;140;159;0;75;70;5;0;0;0;2.29057;59.2041;69.7143;0.99946;30.4354;0.339598;1495.61;0;0.342629;6;0.151394;0.992032;0;0.713147;5093;134352;0.29366;0.0231072;12.7086;367.071
4;6679;290;159;0;66;80;4;0;0;0;2.55555;55.8966;78.4711;0.99947;30.7061;1.377;1655.92;0;0.350598;6;0.12749;0.517928;0;0.545817;6679;132766;0.247929;0.016205;15.2995;318.111
5;14364;60;225;2;78;76;5;0;0;0;5.46279;61.6764;68.6215;0.996826;12.5616;0.469152;1424.8;0;0.10757;6;0.0517928;0.302789;0;0.992032;14364;107546;0.099191;0.0290636;3.41289;215.207
6;11212;409;265;1;76;91;4;6.49432;4.1812;0.00822705;3.27415;68.4483;85.7977;0.999272;26.2046;1.55397;3768.06;0;0.143426;7;0.171315;1;0;1;11212;175033;0.336074;0.013942;24.1052;849.141
7;7129;252;314;0;70;84;4;0.704629;0.902881;0;2.61219;59.4608;84.8278;0.999526;32.4738;1.24972;2093.3;0;0.302789;7;0.151394;1;0;0.924303;7129;179116;0.293631;0.0182065;16.1278;491.556
8;8480;151;374;1;73;91;4;0;0;0;2.86337;57.1148;92.332;0.999519;32.246;1.88477;1955.63;0;0.239044;7;0.119522;0.828685;0;1;8480;152675;0.230616;0.0193331;11.9285;433.18
