id;size;xpos;ypos;zpos;xsize;ysize;zsize;weightedx;weightedy;weightedz;minaxis;medaxis;majaxis;eccentricity;elongation;orientation;integratedintensty;sigma;seedIntensity;seedScale;minIntensityForeground;maxIntensityForeground;minIntensityBackground;maxIntensityBackground;volumeForeground;volumeBackground;foregroundIntensity;backgroundIntensity;fg/bg ratio;integratedGradientMag
1;4608;132;15;1;68;40;5;0;0;0;4.03539;38.3795;55.4969;0.997353;13.7526;2.90326;769.024;0;0.159363;6;0.0876494;0.438247;0;0.521912;4608;64697;0.166889;0.0264007;6.32138;128.004
2;4225;218;79;1;52;57;4;0;0;0;3.04661;48.9701;56.5828;0.998549;18.5724;1.16956;940.379;0;0.25498;5;0.115538;0.462151;0;0.76494;4225;92380;0.222575;0.0215312;10.3373;176.694
3;4860;135;139;0;74;69;3;0;0;0;2.26772;59.0607;68.9129;0.999458;30.3886;0.0818337;1359.94;0;0.354582;6;0.143426;0.840637;0;0.621514;4860;134585;0.279822;0.0245942;11.3776;330.69
4;6150;305;160;0;66;78;4;0;0;0;2.41082;53.182;81.5025;0.999562;33.8069;1.36965;1476.24;0;0.258964;6;0.123506;0.605578;0;0.633466;6150;133295;0.240039;0.0153462;15.6416;296.688
5;4549;82;224;1;60;57;4;0;0;0;2.95877;44.9941;58.5058;0.99872;19.7737;0.619859;946.486;0;0.330677;5;0.10757;0.541833;0;0.673307;4549;92056;0.208065;0.0162679;12.7899;207.347
6;9321;408;264;1;79;89;4;10.1821;6.4508;0.00947663;3.12548;68.0425;81.2935;0.999261;26.0099;1.57787;3587.77;0;0.294821;7;0.199203;1;0;0.888446;9321;176924;0.384913;0.0168394;22.8578;889.157
7;7485;245;302;0;72;92;4;0.648126;0.748267;0;2.50859;60.1385;92.1694;0.99963;36.7416;1.28658;1967.21;0;0.262948;7;0.135458;1;0;0.816733;7485;178760;0.262821;0.0145135;18.1087;467.149
8;4618;17;318;1;45;76;4;0;0;0;2.74916;41.273;70.7119;0.999244;25.7213;1.53528;924.669;0;0.151394;6;0.103586;0.565737;0;0.541833;4618;75542;0.200231;0.0156586;12.7873;205.646
9;6857;140;401;1;70;78;5;0.0915944;0.254898;0;2.92901;56.9939;74.1244;0.999219;25.307;1.76578;1659.49;0;0.350598;6;0.123506;1;0;0.589641;6857;99188;0.242014;0.0163931;14.7631;338.838
