id;size;xpos;ypos;zpos;xsize;ysize;zsize;weightedx;weightedy;weightedz;minaxis;medaxis;majaxis;eccentricity;elongation;orientation;integratedintensty;sigma;seedIntensity;seedScale;minIntensityForeground;maxIntensityForeground;minIntensityBackground;maxIntensityBackground;volumeForeground;volumeBackground;foregroundIntensity;backgroundIntensity;fg/bg ratio;integratedGradientMag
1;16318;310;280;42;55;54;11;0;0;0;9.58342;47.0855;51.327;0.979068;4.91323;1.18156;7141.05;0;0.433962;5;0.231132;0.778302;0.0141509;0.863208;16318;389423;0.437617;0.164258;2.66421;878.05
2;14081;434;219;43;56;54;10;0.0672276;0.0354145;0.00660271;9.33864;43.9357;51.0683;0.97715;4.70472;-0.0589846;6663.93;0;0.537736;5;0.25;1;0.0188679;0.863208;14081;391660;0.47326;0.153086;3.09147;949.647
3;15495;273;230;47;52;55;10;0;0;0;9.53278;46.7677;49.8127;0.979006;4.90599;0.801858;6818.41;0;0.509434;5;0.235849;0.863208;0.0188679;0.900943;15495;390246;0.44004;0.172627;2.54908;880.73
4;15644;377;233;47;59;49;9;0;0;0;9.46723;42.7914;54.7835;0.975219;4.51995;1.20214;7023.08;0;0.509434;5;0.240566;0.849057;0.0235849;0.948113;15644;390097;0.448932;0.169436;2.64957;925.182
5;14251;142;208;49;47;59;9;0.0227688;0.0350414;0.00791257;9.3546;41.2678;53.4981;0.973969;4.4115;0.273979;6192.68;0;0.683962;5;0.235849;1;0.0235849;0.863208;14251;391490;0.434546;0.125138;3.47255;955.51
6;15028;222;285;49;56;53;10;0;0;0;9.43264;47.6769;49.4602;0.980233;5.05446;-1.18992;6892.69;0;0.683962;5;0.245283;0.900943;0.0235849;0.89151;15028;370280;0.458656;0.151942;3.01862;958.536
