id;size;xpos;ypos;zpos;xsize;ysize;zsize;weightedx;weightedy;weightedz;minaxis;medaxis;majaxis;eccentricity;elongation;orientation;integratedintensty;sigma;seedIntensity;seedScale;minIntensityForeground;maxIntensityForeground;minIntensityBackground;maxIntensityBackground;volumeForeground;volumeBackground;foregroundIntensity;backgroundIntensity;fg/bg ratio;integratedGradientMag
1;16023;373;231;43;58;50;10;0;0;0;9.43023;43.7319;55.233;0.976474;4.63742;1.03203;6716.66;0;0.38565;5;0.215247;0.802691;0.0044843;0.780269;16023;389718;0.419188;0.152627;2.74649;886.882
2;13479;435;216;44;51;53;9;0.149308;0.0743245;0.0148319;9.42429;43.5302;49.0965;0.976283;4.61894;-0.430511;6067.99;0;0.497758;5;0.237668;1;0.0134529;0.802691;13479;392262;0.450181;0.134395;3.34968;919.878
3;16517;314;278;44;56;52;10;0;0;0;9.46003;47.4441;52.069;0.97992;5.01522;1.5242;6790.59;0;0.399103;5;0.210762;0.730942;0.00896861;0.825112;16517;389224;0.411129;0.15336;2.68081;866.581
4;15542;276;228;46;52;57;10;0;0;0;9.53548;47.1143;49.5921;0.979305;4.94094;0.803746;6388.38;0;0.533632;5;0.215247;0.825112;0.00896861;0.838565;15542;390199;0.411041;0.158831;2.58791;861.679
5;14883;143;210;47;49;59;10;0;0;0;9.40894;42.0936;54.1418;0.974698;4.47379;3.04797;6006.57;0;0.61435;5;0.210762;0.955157;0.00896861;0.852018;14883;390858;0.403588;0.112229;3.59611;810.734
6;15428;221;280;48;55;54;10;0;0;0;9.43914;47.5254;50.7391;0.980078;5.03493;2.1256;6478.6;0;0.704036;5;0.219731;0.834081;0.00896861;0.838565;15428;390313;0.419923;0.134682;3.11788;916.397
