id;size;xpos;ypos;zpos;xsize;ysize;zsize;weightedx;weightedy;weightedz;minaxis;medaxis;majaxis;eccentricity;elongation;orientation;integratedintensty;sigma;seedIntensity;seedScale;minIntensityForeground;maxIntensityForeground;minIntensityBackground;maxIntensityBackground;volumeForeground;volumeBackground;foregroundIntensity;backgroundIntensity;fg/bg ratio;integratedGradientMag
1;15901;373;228;41;59;49;11;0;0;0;9.41984;43.4378;55.2769;0.976203;4.61132;-1.97622;2349.2;0;0.154696;5;0.0791897;0.3407;0.00736648;0.732965;15901;389840;0.147739;0.060947;2.42406;296.452
2;6820;435;218;43;43;50;9;0.243854;0.120848;0.023738;9.32746;38.0961;51.211;0.969563;4.08429;-0.0924713;1853.57;0;0.162063;5;0.143646;1;0.0092081;0.758748;6820;398921;0.271785;0.0575069;4.72613;400.637
3;16099;313;281;43;56;53;10;0;0;0;9.43121;47.3395;51.3566;0.979954;5.01945;1.84155;2389.47;0;0.132597;5;0.0791897;0.296501;0.00736648;0.303867;16099;380885;0.148424;0.0606182;2.4485;296.724
4;14890;274;227;44;52;54;10;0;0;0;9.46433;45.9424;49.2763;0.978551;4.85426;0.761106;2208.32;0;0.162063;5;0.0791897;0.331492;0.00736648;0.302026;14890;390851;0.148309;0.0603966;2.45558;287.281
5;14093;140;213;48;48;58;10;0;0;0;9.42084;41.6776;52.7474;0.974118;4.42398;3.1031;2101.4;0;0.270718;5;0.0810313;0.38674;0.00736648;0.316759;14093;391648;0.149109;0.0488569;3.05196;292.678
6;15644;218;280;49;57;55;10;0;0;0;9.34354;47.4239;51.753;0.980399;5.07558;2.05271;2327.44;0;0.257827;5;0.0810313;0.302026;0.0110497;0.32965;15644;390097;0.148775;0.0555816;2.6767;316.97
