id;size;xpos;ypos;zpos;xsize;ysize;zsize;weightedx;weightedy;weightedz;minaxis;medaxis;majaxis;eccentricity;elongation;orientation;integratedintensty;sigma;seedIntensity;seedScale;minIntensityForeground;maxIntensityForeground;minIntensityBackground;maxIntensityBackground;volumeForeground;volumeBackground;foregroundIntensity;backgroundIntensity;fg/bg ratio;integratedGradientMag
1;6777;434;214;42;40;43;9;0.636947;0.311133;0.0620372;9.72265;32.649;46.808;0.95463;3.35804;0.592411;2111.64;0;0.248544;5;0.165049;1;0.0116505;0.856311;6777;398964;0.311589;0.0637654;4.88648;452.26
2;15912;370;232;42;62;48;9;0;0;0;9.4471;42.7474;55.9815;0.975274;4.52492;1.37251;2594.17;0;0.149515;5;0.0893204;0.36699;0.0116505;0.702913;15912;389829;0.163033;0.0698338;2.33458;328.392
3;16073;314;283;43;57;52;10;0;0;0;9.41377;47.1504;51.5439;0.979866;5.00866;1.76631;2591.35;0;0.157282;5;0.0893204;0.328155;0.0135922;0.328155;16073;369235;0.161224;0.0684566;2.35513;309.294
4;15053;272;223;44;53;54;10;0;0;0;9.54563;46.1611;49.2793;0.978386;4.83584;0.965898;2415.99;0;0.18835;5;0.0893204;0.370874;0.0135922;0.295146;15053;390688;0.160499;0.0654907;2.45072;317.195
5;13351;142;216;48;49;57;11;0;0;0;9.42897;40.9469;51.2886;0.973126;4.34267;-3.10602;2198.2;0;0.343689;5;0.0912621;0.436893;0.0135922;0.337864;13351;392390;0.164647;0.0568466;2.89635;303.177
6;15444;216;278;51;58;53;11;0;0;0;9.35878;46.4938;52.0344;0.979531;4.96793;-1.1035;2442.67;0;0.238835;5;0.0893204;0.302913;0.015534;0.403884;15444;351655;0.158164;0.0633056;2.49841;319.013
