id;size;xpos;ypos;zpos;xsize;ysize;zsize;weightedx;weightedy;weightedz;minaxis;medaxis;majaxis;eccentricity;elongation;orientation;integratedintensty;sigma;seedIntensity;seedScale;minIntensityForeground;maxIntensityForeground;minIntensityBackground;maxIntensityBackground;volumeForeground;volumeBackground;foregroundIntensity;backgroundIntensity;fg/bg ratio;integratedGradientMag
1;15572;366;229;41;61;47;10;0;0;0;9.48624;41.7892;55.8736;0.973894;4.40524;-1.89357;2501.62;0;0.159046;5;0.0854871;0.349901;0.00596421;0.942346;15572;390169;0.160646;0.0618818;2.59601;332.858
2;5524;432;213;42;46;29;9;0;0;0;9.73626;20.1867;47.1341;0.876;2.07335;1.14749;1908.68;0;0.371769;5;0.178926;0.942346;0.00397614;1;5524;400217;0.345524;0.0566654;6.09763;530.119
3;16526;316;284;44;58;55;11;0;0;0;9.38895;48.0677;51.9632;0.980738;5.1196;2.07234;2546.06;0;0.121272;5;0.0795229;0.326044;0;0.328032;16526;368782;0.154061;0.0616583;2.49863;299.241
4;15917;269;223;46;55;56;11;0;0;0;9.4955;46.8006;51.2736;0.979201;4.92871;0.942352;2441.54;0;0.176938;5;0.0795229;0.393638;0;0.304175;15917;389824;0.153389;0.0603937;2.53982;334.359
5;13202;146;219;49;48;57;11;0;0;0;9.43756;40.5573;51.1324;0.972549;4.29744;3.10587;2116.28;0;0.345924;5;0.0854871;0.4334;0.00596421;0.337972;13202;392539;0.160299;0.0513288;3.12298;302.353
6;16528;216;275;50;61;54;10;0;0;0;9.30672;47.3259;53.8085;0.980473;5.08513;-1.40731;2441.23;0;0.222664;5;0.0755467;0.318091;0;0.4334;16528;369892;0.1477;0.0587319;2.51482;350.418
