id;size;xpos;ypos;zpos;xsize;ysize;zsize;weightedx;weightedy;weightedz;minaxis;medaxis;majaxis;eccentricity;elongation;orientation;integratedintensty;sigma;seedIntensity;seedScale;minIntensityForeground;maxIntensityForeground;minIntensityBackground;maxIntensityBackground;volumeForeground;volumeBackground;foregroundIntensity;backgroundIntensity;fg/bg ratio;integratedGradientMag
1;15537;364;231;40;61;48;10;0;0;0;9.52578;41.7825;55.7315;0.973665;4.38626;1.18351;3771.23;0;0.259036;5;0.129518;0.490964;0.00903614;0.876506;15537;390204;0.242728;0.0938855;2.58536;497.463
2;6570;429;226;41;35;49;11;0;0;0;9.29049;33.6062;54.5204;0.961028;3.61726;3.11183;2766.66;0;0.493976;5;0.216867;0.942771;0.0060241;1;6570;399171;0.421105;0.0882469;4.77189;699.877
3;5814;430;207;42;36;44;11;0.185958;0.0838718;0.0173674;9.54585;33.6368;44.002;0.958886;3.52371;2.95707;2360.75;0;0.343374;5;0.210843;1;0.0060241;0.942771;5814;399927;0.406045;0.0897069;4.52635;591.93
4;16619;316;286;44;57;53;11;0;0;0;9.3955;48.3703;51.8743;0.980954;5.14823;2.01949;3851.42;0;0.213855;5;0.120482;0.472892;0.0060241;0.478916;16619;368689;0.231752;0.0956843;2.42205;449.138
5;15374;270;226;45;57;55;11;0;0;0;9.45643;46.0302;50.7345;0.97867;4.86761;1.06669;3612.95;0;0.277108;5;0.123494;0.581325;0.0060241;0.527108;15374;390367;0.235006;0.0931479;2.52294;515.754
6;14620;146;220;49;52;59;11;0;0;0;9.35526;42.2507;53.8211;0.975178;4.51625;2.74007;3409.7;0;0.403614;5;0.120482;0.638554;0.00301205;0.527108;14620;391121;0.233225;0.0782498;2.98053;480.256
7;15933;215;272;49;59;56;10;0;0;0;9.34679;46.6568;52.6311;0.979728;4.99175;1.74191;3604.26;0;0.349398;5;0.11747;0.487952;0.00301205;0.638554;15933;389808;0.226217;0.09047;2.50046;525.849
