id;size;xpos;ypos;zpos;xsize;ysize;zsize;weightedx;weightedy;weightedz;minaxis;medaxis;majaxis;eccentricity;elongation;orientation;integratedintensty;sigma;seedIntensity;seedScale;minIntensityForeground;maxIntensityForeground;minIntensityBackground;maxIntensityBackground;volumeForeground;volumeBackground;foregroundIntensity;backgroundIntensity;fg/bg ratio;integratedGradientMag
1;15814;362;234;43;62;47;9;0;0;0;9.45861;43.1229;55.1859;0.975648;4.55911;1.37441;5603.14;0;0.317597;5;0.188841;0.695279;0.0171674;1;15814;389927;0.354313;0.149958;2.36276;776.235
2;12538;426;211;45;44;58;11;0.0870922;0.0424347;0.00909316;9.27043;38.8761;54.3318;0.971152;4.19356;0.0621235;4948.78;0;0.583691;5;0.214592;1;0.0257511;0.798283;12538;393203;0.394703;0.132286;2.9837;892.479
3;14724;272;228;45;57;52;11;0;0;0;9.42677;44.7718;50.3751;0.977583;4.74943;1.19718;5145.51;0;0.424893;5;0.188841;0.841202;0.0171674;0.690987;14724;391017;0.349463;0.140211;2.49241;707.905
4;13062;146;225;47;51;54;11;0;0;0;9.47167;41.0644;49.5033;0.973036;4.3355;2.84666;4649.9;0;0.785408;5;0.193133;0.914163;0.0214592;0.733906;13062;392679;0.355989;0.122789;2.8992;624.68
5;16898;318;286;48;60;55;9;0;0;0;9.33753;48.8338;52.4556;0.981549;5.22984;1.90817;5516.92;0;0.32618;5;0.175966;0.678112;0.0171674;0.708154;16898;368410;0.326482;0.14973;2.18047;666.1
6;15544;213;271;50;60;53;10;0;0;0;9.39443;46.1914;51.961;0.9791;4.91689;1.56551;5154.37;0;0.527897;5;0.180257;0.690987;0.0214592;0.914163;15544;370876;0.331597;0.138547;2.3934;751.82
