id;size;xpos;ypos;zpos;xsize;ysize;zsize;weightedx;weightedy;weightedz;minaxis;medaxis;majaxis;eccentricity;elongation;orientation;integratedintensty;sigma;seedIntensity;seedScale;minIntensityForeground;maxIntensityForeground;minIntensityBackground;maxIntensityBackground;volumeForeground;volumeBackground;foregroundIntensity;backgroundIntensity;fg/bg ratio;integratedGradientMag
1;9346;420;194;39;46;46;9;0.142705;0.0647428;0.0135587;9.76166;31.4422;45.2559;0.950585;3.22099;0.784444;2950.14;0;0.584677;5;0.169355;1;0.0120968;0.701613;9346;396395;0.315656;0.12242;2.57848;557.238
2;15565;360;234;40;62;46;9;0;0;0;9.49193;42.1114;55.6409;0.974266;4.43655;1.51495;5159.6;0;0.298387;5;0.177419;0.653226;0.0120968;1;15565;390176;0.331488;0.130054;2.54886;726.824
3;12708;426;233;41;50;56;11;0;0;0;9.62665;42.9776;49.5535;0.974591;4.46444;0.145651;3671.07;0;0.41129;5;0.153226;0.572581;0.0120968;1;12708;393033;0.288878;0.120256;2.4022;551.117
4;15209;274;226;46;57;54;11;0;0;0;9.44329;45.6061;50.6608;0.978328;4.82947;-2.00006;4825.29;0;0.383064;5;0.165323;0.774194;0.00806452;0.637097;15209;390532;0.317265;0.126014;2.51771;682.109
5;14773;145;226;47;58;51;11;0;0;0;9.358;42.2806;53.9093;0.975199;4.51813;2.18978;4597.27;0;0.564516;5;0.165323;0.830645;0.0120968;0.681452;14773;390968;0.311193;0.11194;2.78001;632.428
6;16260;314;289;48;56;55;10;0;0;0;9.32403;48.0047;51.566;0.980956;5.14849;-0.751858;5081.57;0;0.318548;5;0.165323;0.637097;0.016129;0.645161;16260;360291;0.312519;0.131992;2.36771;597.68
7;15997;211;271;50;58;56;11;0;0;0;9.36364;48.194;51.0405;0.980944;5.14692;1.26142;4984.26;0;0.467742;5;0.165323;0.592742;0.0120968;0.830645;15997;370423;0.311574;0.126002;2.47278;711.007
