id;size;xpos;ypos;zpos;xsize;ysize;zsize;weightedx;weightedy;weightedz;minaxis;medaxis;majaxis;eccentricity;elongation;orientation;integratedintensty;sigma;seedIntensity;seedScale;minIntensityForeground;maxIntensityForeground;minIntensityBackground;maxIntensityBackground;volumeForeground;volumeBackground;foregroundIntensity;backgroundIntensity;fg/bg ratio;integratedGradientMag
1;15536;357;233;39;61;47;9;0;0;0;9.48978;42.2164;55.2935;0.974407;4.44861;1.32161;5699.88;0;0.328767;5;0.191781;0.716895;0.00913242;1;15536;390205;0.366884;0.134853;2.72062;830.415
2;9365;423;194;40;40;49;10;0.130933;0.0592611;0.012721;9.75354;31.4779;45.2148;0.950784;3.22734;0.34059;3223.02;0;0.803653;5;0.182648;1;0.00913242;0.780822;9365;396376;0.344156;0.127273;2.70408;551.876
3;12985;425;237;41;48;62;11;0;0;0;9.57577;41.2494;51.6289;0.972682;4.30769;0.245285;4048.23;0;0.552511;5;0.164384;0.634703;0.00913242;1;12985;392756;0.311761;0.124647;2.50116;595.157
4;14639;277;226;45;54;53;10;0;0;0;9.53012;45.121;49.1269;0.97744;4.73457;1.71904;5247.66;0;0.406393;5;0.187215;0.863014;0.00456621;0.703196;14639;391102;0.358472;0.13568;2.64204;827.06
5;15344;144;229;46;59;57;10;0;0;0;9.24294;41.83;57.0763;0.975282;4.52562;-0.72363;5212.21;0;0.56621;5;0.178082;0.853881;0.00913242;0.799087;15344;390397;0.339691;0.115215;2.94833;643.837
6;16484;313;292;48;56;57;9;0;0;0;9.32185;48.7161;51.5861;0.981522;5.22601;-0.22027;5607.7;0;0.347032;5;0.178082;0.689498;0.00913242;0.863014;16484;360067;0.340192;0.13935;2.44129;766.647
7;15635;209;268;49;57;56;10;0;0;0;9.42856;48.278;49.9458;0.980744;5.12039;1.3454;5430.45;0;0.552511;5;0.182648;0.689498;0.00913242;0.863014;15635;390106;0.347328;0.130401;2.66354;786.325
