id;size;xpos;ypos;zpos;xsize;ysize;zsize;weightedx;weightedy;weightedz;minaxis;medaxis;majaxis;eccentricity;elongation;orientation;integratedintensty;sigma;seedIntensity;seedScale;minIntensityForeground;maxIntensityForeground;minIntensityBackground;maxIntensityBackground;volumeForeground;volumeBackground;foregroundIntensity;backgroundIntensity;fg/bg ratio;integratedGradientMag
1;10414;425;196;39;51;56;10;0.12306;0.05591;0.011816;9.75123;33.9162;46.068;0.957778;3.47815;0.790391;3469.86;0;0.695853;5;0.175115;1;0.00460829;0.801843;10414;395327;0.333196;0.133821;2.48986;629.392
2;15701;357;235;39;56;54;9;0;0;0;9.38947;42.862;55.4797;0.975711;4.5649;0.817902;5853.08;0;0.428571;5;0.193548;0.695853;0.00921659;0.806452;15701;390040;0.372785;0.149121;2.49988;852.601
3;12333;420;242;42;53;56;10;0;0;0;9.73416;41.2925;48.3982;0.971817;4.24202;-2.36453;3995.85;0;0.451613;5;0.175115;0.645161;0.0184332;1;12333;393408;0.324;0.140145;2.31188;612.524
4;14954;281;224;44;54;53;10;0;0;0;9.51704;45.7523;49.3909;0.978126;4.80741;1.86237;5501.94;0;0.442396;5;0.193548;0.903226;0.00921659;0.746544;14954;390787;0.367928;0.141477;2.60062;866.596
5;15814;149;230;46;54;63;10;0;0;0;9.29691;42.0074;58.0358;0.975202;4.51843;-0.42818;5487.34;0;0.502304;5;0.18894;0.829493;0.0184332;0.718894;15814;389927;0.346997;0.12955;2.67847;638.316
6;16981;311;291;46;57;57;11;0;0;0;9.32277;49.8097;51.6653;0.982328;5.3428;-0.372858;5942.62;0;0.35023;5;0.18894;0.723502;0.0184332;0.903226;16981;359570;0.349961;0.150865;2.3197;841.318
7;15706;207;269;48;56;56;10;0;0;0;9.37214;47.6967;50.9093;0.980505;5.0892;1.44849;5559.62;0;0.529954;5;0.184332;0.691244;0.00921659;0.903226;15706;390035;0.353984;0.140063;2.52733;763.683
