id;size;xpos;ypos;zpos;xsize;ysize;zsize;weightedx;weightedy;weightedz;minaxis;medaxis;majaxis;eccentricity;elongation;orientation;integratedintensty;sigma;seedIntensity;seedScale;minIntensityForeground;maxIntensityForeground;minIntensityBackground;maxIntensityBackground;volumeForeground;volumeBackground;foregroundIntensity;backgroundIntensity;fg/bg ratio;integratedGradientMag
1;10458;425;193;39;46;50;11;0;0;0;9.75482;34.1038;46.0885;0.95822;3.4961;0.606877;3418.3;0;0.853881;5;0.173516;0.958904;0.00913242;1;10458;395283;0.32686;0.134767;2.42537;591.506
2;14860;360;233;39;56;52;9;0.0647736;0.0420767;0.00750746;9.59816;40.9269;54.2016;0.972111;4.26403;0.774167;5727.64;0;0.287671;5;0.205479;1;0.0182648;0.958904;14860;390881;0.385441;0.150265;2.56508;770.878
3;12921;418;238;43;57;63;11;0;0;0;9.68674;41.0186;49.8707;0.971716;4.23452;0.680474;4030.84;0;0.456621;5;0.164384;0.634703;0.00913242;1;12921;392820;0.311961;0.139959;2.22894;597.318
4;14603;284;221;44;54;55;10;0;0;0;9.52402;46.0278;48.1232;0.978358;4.83281;1.92828;5350.5;0;0.461187;5;0.196347;0.913242;0.0182648;0.794521;14603;391138;0.366397;0.134946;2.71514;838.306
5;15996;149;232;45;52;65;10;0;0;0;9.30261;41.9634;58.5825;0.975119;4.51093;-0.309459;5432.93;0;0.561644;5;0.182648;0.808219;0.0228311;0.739726;15996;389745;0.339645;0.129006;2.63278;627.2
6;14959;205;271;48;56;51;10;0;0;0;9.4593;45.2326;51.2946;0.977889;4.78181;2.0212;5487.96;0;0.538813;5;0.196347;0.739726;0.0182648;0.808219;14959;390782;0.366868;0.137033;2.67723;757.373
7;16620;313;289;48;57;58;10;0;0;0;9.37828;48.9796;51.4725;0.981498;5.22267;-0.0247426;5578.24;0;0.3379;5;0.182648;0.73516;0.0182648;1;16620;359931;0.335636;0.143893;2.33254;779.82
