id;size;xpos;ypos;zpos;xsize;ysize;zsize;weightedx;weightedy;weightedz;minaxis;medaxis;majaxis;eccentricity;elongation;orientation;integratedintensty;sigma;seedIntensity;seedScale;minIntensityForeground;maxIntensityForeground;minIntensityBackground;maxIntensityBackground;volumeForeground;volumeBackground;foregroundIntensity;backgroundIntensity;fg/bg ratio;integratedGradientMag
1;10618;425;190;38;50;53;10;0;0;0;9.73747;34.4434;46.3193;0.959206;3.53721;0.739234;3449.84;0;0.724771;5;0.169725;0.940367;0;1;10618;395123;0.324905;0.13287;2.44529;614.191
2;15079;359;236;38;55;54;9;0;0;0;9.52992;41.2669;54.8001;0.972969;4.33024;0.720435;5800.88;0;0.33945;5;0.197248;0.963303;0;1;15079;390662;0.384699;0.146737;2.62169;783.44
3;15123;284;222;44;54;55;10;0;0;0;9.47884;46.6876;49.1172;0.979173;4.92545;1.62451;5418.95;0;0.449541;5;0.188073;0.912844;0.0137615;0.701835;15123;390618;0.358324;0.135869;2.63727;814.24
4;15192;152;235;44;45;64;11;0;0;0;9.27807;40.9081;57.6484;0.973941;4.40911;0.0438966;5277.32;0;0.513761;5;0.188073;0.761468;0.0229358;0.692661;15192;390549;0.347374;0.128415;2.70509;628.202
5;12411;421;239;44;57;55;10;0;0;0;9.77769;39.3971;48.0052;0.968713;4.02929;1.40588;3851.16;0;0.463303;5;0.165138;0.651376;0.0137615;1;12411;393330;0.310302;0.137865;2.25078;626.736
6;14994;205;274;49;56;50;10;0;0;0;9.44715;45.2107;51.2455;0.977925;4.78565;1.96676;5517.3;0;0.509174;5;0.197248;0.692661;0.0137615;0.761468;14994;390747;0.367969;0.138794;2.65119;753.525
7;16868;314;290;50;57;59;10;0;0;0;9.33217;49.5468;51.7619;0.982102;5.30924;2.88203;5527.8;0;0.311927;5;0.169725;0.821101;0.00458716;1;16868;341752;0.327711;0.143696;2.28059;814.884
