id;size;xpos;ypos;zpos;xsize;ysize;zsize;weightedx;weightedy;weightedz;minaxis;medaxis;majaxis;eccentricity;elongation;orientation;integratedintensty;sigma;seedIntensity;seedScale;minIntensityForeground;maxIntensityForeground;minIntensityBackground;maxIntensityBackground;volumeForeground;volumeBackground;foregroundIntensity;backgroundIntensity;fg/bg ratio;integratedGradientMag
1;11205;423;191;38;56;56;9;0;0;0;9.68124;35.8488;47.1085;0.962844;3.70291;0.566457;3461.97;0;0.493151;5;0.159817;0.931507;0;1;11205;394536;0.308967;0.134999;2.28866;579.467
2;14913;361;236;39;51;58;11;0.0658638;0.0425554;0.0074163;9.5344;40.854;54.8269;0.972386;4.2849;0.35011;5663.2;0;0.310502;5;0.200913;1;0.0136986;0.931507;14913;390828;0.379751;0.151579;2.50529;669.469
3;13776;421;234;43;58;63;10;0;0;0;9.54947;43.4781;50.0488;0.975581;4.55294;0.638406;4174.18;0;0.511416;5;0.159817;0.60274;0.0136986;1;13776;391965;0.303003;0.13814;2.19345;604.368
4;15630;150;238;43;47;64;10;0;0;0;9.32811;41.2306;58.155;0.974071;4.42004;-0.02536;5306.33;0;0.502283;5;0.182648;0.69863;0.0228311;0.6621;15630;390111;0.339496;0.12876;2.63665;618.259
5;15018;287;218;44;53;55;11;0;0;0;9.49698;46.6712;48.6718;0.979078;4.91432;1.97947;5383.91;0;0.465753;5;0.191781;0.858448;0.0182648;0.748858;15018;390723;0.358498;0.129085;2.77723;775.862
6;14817;203;282;48;55;53;10;0;0;0;9.40716;44.8664;51.0961;0.977772;4.76939;2.16426;5337.38;0;0.607306;5;0.191781;0.671233;0.0182648;0.812785;14817;390924;0.360221;0.134181;2.68458;709.001
7;16480;316;293;49;56;56;10;0;0;0;9.36425;49.1801;50.908;0.981705;5.25189;-0.140454;5329.8;0;0.3379;5;0.173516;0.739726;0.0136986;1;16480;351314;0.323412;0.137635;2.34978;759.149
