id;size;xpos;ypos;zpos;xsize;ysize;zsize;weightedx;weightedy;weightedz;minaxis;medaxis;majaxis;eccentricity;elongation;orientation;integratedintensty;sigma;seedIntensity;seedScale;minIntensityForeground;maxIntensityForeground;minIntensityBackground;maxIntensityBackground;volumeForeground;volumeBackground;foregroundIntensity;backgroundIntensity;fg/bg ratio;integratedGradientMag
1;14456;364;234;38;48;58;11;0.146086;0.0925209;0.0157773;9.53008;40.6779;53.7453;0.972169;4.26837;0.296863;5133.97;0;0.419491;5;0.190678;1;0.0169492;0.838983;14456;391285;0.355145;0.138563;2.56305;595.838
2;10646;421;192;39;49;54;11;0;0;0;9.64439;35.3844;45.7833;0.962139;3.66891;0.63887;3114.14;0;0.478814;5;0.15678;0.838983;0.0127119;1;10646;395095;0.292517;0.127577;2.29287;525.812
3;14788;285;222;44;53;54;10;0;0;0;9.53348;46.7375;47.7658;0.978975;4.90245;1.95822;4945.44;0;0.415254;5;0.177966;0.724576;0.0127119;0.699152;14788;390953;0.334422;0.117565;2.84458;670.627
4;13335;420;237;44;55;63;10;0;0;0;9.65579;43.6039;48.0875;0.975173;4.51583;0.710291;3749.27;0;0.449152;5;0.152542;0.576271;0.0169492;1;13335;392406;0.281161;0.128871;2.18173;536.935
5;15417;145;242;44;48;64;10;0;0;0;9.26718;41.3583;57.6959;0.974573;4.46288;0.120329;4839.45;0;0.432203;5;0.165254;0.622881;0.0127119;0.627119;15417;390324;0.313904;0.116803;2.68748;601.338
6;16640;318;294;48;57;58;11;0;0;0;9.3803;49.1341;51.3515;0.981607;5.23801;-0.433537;5126.92;0;0.338983;5;0.165254;0.690678;0.0169492;1;16640;351154;0.30811;0.129025;2.38799;710.717
7;15128;201;289;49;56;55;10;0;0;0;9.41811;45.9073;51.0657;0.97873;4.87437;-0.822505;5079.05;0;0.466102;5;0.177966;0.648305;0.0127119;0.690678;15128;361423;0.335738;0.122968;2.73028;696.839
