id;size;xpos;ypos;zpos;xsize;ysize;zsize;weightedx;weightedy;weightedz;minaxis;medaxis;majaxis;eccentricity;elongation;orientation;integratedintensty;sigma;seedIntensity;seedScale;minIntensityForeground;maxIntensityForeground;minIntensityBackground;maxIntensityBackground;volumeForeground;volumeBackground;foregroundIntensity;backgroundIntensity;fg/bg ratio;integratedGradientMag
1;14699;362;236;37;55;54;9;0.0761747;0.0495545;0.00798606;9.53504;40.6449;54.617;0.972094;4.26269;0.656044;4883.51;0;0.322581;5;0.177419;1;0.0120968;0.814516;14699;391042;0.332233;0.131338;2.52961;606.779
2;11026;416;191;38;54;60;11;0;0;0;9.62476;35.9264;46.6524;0.963446;3.73271;0.700782;3002.26;0;0.576613;5;0.145161;0.814516;0.00806452;1;11026;394715;0.272288;0.120029;2.26851;518.844
3;15474;283;224;44;54;57;10;0;0;0;9.52045;47.9969;48.4796;0.98013;5.04145;2.11692;4751.46;0;0.314516;5;0.16129;0.645161;0.00806452;0.669355;15474;390267;0.30706;0.112546;2.72831;710.205
4;12831;419;241;44;54;63;11;0;0;0;9.78068;40.4106;48.4869;0.970268;4.13168;0.735959;3352.77;0;0.399194;5;0.141129;0.540323;0.016129;1;12831;392910;0.261302;0.120472;2.16898;445.718
5;16454;141;243;45;49;65;11;0;0;0;9.35972;42.1076;59.231;0.974983;4.49881;-0.135673;4776.94;0;0.403226;5;0.153226;0.568548;0.00806452;0.657258;16454;389287;0.29032;0.110983;2.61589;547.343
6;15475;201;289;48;56;58;10;0;0;0;9.44484;45.9935;51.9222;0.978688;4.8697;-0.658123;4843.5;0;0.439516;5;0.165323;0.673387;0.00806452;0.633064;15475;361076;0.312988;0.117475;2.66429;670.408
7;16951;321;292;48;58;61;10;0;0;0;9.31171;49.5127;52.1241;0.982156;5.31725;-0.804495;4913.5;0;0.298387;5;0.153226;0.665323;0.00806452;1;16951;359600;0.289865;0.12509;2.31725;657.3
