id;size;xpos;ypos;zpos;xsize;ysize;zsize;weightedx;weightedy;weightedz;minaxis;medaxis;majaxis;eccentricity;elongation;orientation;integratedintensty;sigma;seedIntensity;seedScale;minIntensityForeground;maxIntensityForeground;minIntensityBackground;maxIntensityBackground;volumeForeground;volumeBackground;foregroundIntensity;backgroundIntensity;fg/bg ratio;integratedGradientMag
1;11147;414;188;38;57;58;10;0;0;0;9.627;36.0275;47.025;0.963638;3.74234;0.611817;2984.65;0;0.512097;5;0.145161;0.729839;0.0120968;1;11147;394594;0.267753;0.119601;2.23871;486.751
2;14606;362;235;38;52;55;9;0.0764683;0.0492021;0.00820035;9.54965;41.1038;53.8792;0.972637;4.30422;0.526215;4877.84;0;0.342742;5;0.177419;1;0.0120968;0.870968;14606;391135;0.33396;0.132227;2.52565;587.507
3;12919;417;238;43;57;58;11;0;0;0;9.76293;39.0189;49.1976;0.968192;3.99664;0.611406;3336.02;0;0.403226;5;0.137097;0.548387;0.0120968;1;12919;392822;0.258226;0.122778;2.10319;413.095
4;15675;283;226;44;56;56;10;0;0;0;9.48092;47.9087;49.3084;0.980223;5.05317;1.89451;4756.48;0;0.375;5;0.16129;0.649194;0.016129;0.641129;15675;390066;0.303444;0.114548;2.64905;687.959
5;15101;136;244;44;51;58;10;0;0;0;9.4056;43.4759;53.0473;0.976318;4.62235;0.342442;4495.87;0;0.346774;5;0.153226;0.66129;0.00403226;0.592742;15101;390640;0.29772;0.105951;2.80999;602.579
6;15318;201;292;48;56;55;10;0;0;0;9.45246;45.4874;51.7175;0.978171;4.81223;2.32273;4781.08;0;0.479839;5;0.165323;0.673387;0.00806452;0.66129;15318;361233;0.312121;0.115458;2.70333;645.566
7;16850;325;291;49;57;56;11;0;0;0;9.30463;49.362;52.0464;0.982074;5.3051;2.55374;4896.06;0;0.282258;5;0.157258;0.616935;0.016129;1;16850;359701;0.290566;0.125191;2.32098;636.993
