id;size;xpos;ypos;zpos;xsize;ysize;zsize;weightedx;weightedy;weightedz;minaxis;medaxis;majaxis;eccentricity;elongation;orientation;integratedintensty;sigma;seedIntensity;seedScale;minIntensityForeground;maxIntensityForeground;minIntensityBackground;maxIntensityBackground;volumeForeground;volumeBackground;foregroundIntensity;backgroundIntensity;fg/bg ratio;integratedGradientMag
1;14916;364;238;39;48;60;11;0.0746973;0.0476791;0.00814518;9.48438;41.3452;54.6631;0.973333;4.35929;0.195817;5033.65;0;0.384615;5;0.179487;1;0.0128205;0.794872;14916;390825;0.337462;0.138648;2.43395;580.397
2;11752;413;186;40;53;59;9;0;0;0;9.50417;38.1705;47.5869;0.968506;4.01619;0.643373;3154.12;0;0.559829;5;0.145299;0.769231;0.0128205;1;11752;393989;0.268388;0.120308;2.23084;535.456
3;12852;420;243;42;59;57;11;0;0;0;9.79825;38.3992;49.4442;0.966897;3.91899;0.706372;3403.95;0;0.405983;5;0.141026;0.547009;0.00854701;1;12852;392889;0.264854;0.125417;2.11179;425.036
4;15810;280;224;45;56;56;11;0;0;0;9.42963;48.2036;49.6254;0.98068;5.11192;2.39511;4859.13;0;0.358974;5;0.162393;0.713675;0.0128205;0.662393;15810;389931;0.307339;0.114123;2.69305;730.809
5;15564;136;246;45;51;59;11;0;0;0;9.44482;44.7146;52.8089;0.977438;4.73429;0.131662;4734.29;0;0.444444;5;0.15812;0.679487;0.0042735;0.576923;15564;390177;0.304177;0.107278;2.83541;612.299
6;17372;328;287;49;59;60;10;0;0;0;9.28026;50.2592;52.6196;0.982805;5.41571;-0.488142;5030.59;0;0.307692;5;0.153846;0.594017;0.0128205;1;17372;367936;0.289577;0.128323;2.25663;637.583
7;14777;200;295;49;58;51;10;0;0;0;9.41596;44.7355;51.4269;0.977598;4.75103;1.83369;4812.68;0;0.512821;5;0.175214;0.705128;0.0128205;0.688034;14777;353017;0.325684;0.117935;2.76154;758.193
