id;size;xpos;ypos;zpos;xsize;ysize;zsize;weightedx;weightedy;weightedz;minaxis;medaxis;majaxis;eccentricity;elongation;orientation;integratedintensty;sigma;seedIntensity;seedScale;minIntensityForeground;maxIntensityForeground;minIntensityBackground;maxIntensityBackground;volumeForeground;volumeBackground;foregroundIntensity;backgroundIntensity;fg/bg ratio;integratedGradientMag
1;15450;368;241;38;53;58;10;0.0666155;0.0434143;0.00720643;9.4749;42.3624;55.052;0.974667;4.47102;0.433545;5689.36;0;0.388626;5;0.189573;1;0.00473934;0.919431;15450;390291;0.36824;0.150199;2.45169;664.206
2;12317;409;186;42;56;60;9;0;0;0;9.45407;39.3989;48.5556;0.970783;4.1674;0.833606;3570.37;0;0.687204;5;0.151659;0.900474;0.00473934;1;12317;393424;0.289873;0.133024;2.17911;646.88
3;13233;424;240;43;58;58;11;0;0;0;9.74669;39.2852;50.032;0.968734;4.03062;0.985365;3818.66;0;0.421801;5;0.151659;0.620853;0.00473934;1;13233;392508;0.288571;0.138807;2.07894;506.049
4;15706;133;248;45;53;57;11;0;0;0;9.40293;44.4063;53.7337;0.977324;4.7226;0.460212;5315.16;0;0.43128;5;0.175355;0.753554;0.00473934;0.682464;15706;390035;0.338415;0.118263;2.86154;753.511
5;15854;277;225;47;55;57;11;0;0;0;9.41888;48.4564;49.603;0.980927;5.1446;2.81157;5433.31;0;0.388626;5;0.180095;0.7109;0.00947867;0.739336;15854;389887;0.342709;0.122615;2.79501;780.541
6;17917;329;291;48;63;58;10;0;0;0;9.29876;50.7615;53.3881;0.983078;5.45895;2.13371;5659.91;0;0.327014;5;0.161137;0.64455;0;1;17917;358634;0.315895;0.143365;2.20343;672.481
7;14747;198;300;48;58;51;10;0;0;0;9.38979;44.9629;51.3266;0.977951;4.78849;1.78608;5398.96;0;0.611374;5;0.194313;0.800948;0.014218;0.753554;14747;341371;0.366106;0.130642;2.80237;872.436
