id;size;xpos;ypos;zpos;xsize;ysize;zsize;weightedx;weightedy;weightedz;minaxis;medaxis;majaxis;eccentricity;elongation;orientation;integratedintensty;sigma;seedIntensity;seedScale;minIntensityForeground;maxIntensityForeground;minIntensityBackground;maxIntensityBackground;volumeForeground;volumeBackground;foregroundIntensity;backgroundIntensity;fg/bg ratio;integratedGradientMag
1;16061;371;240;38;60;60;10;0.0649511;0.041147;0.00697119;9.33981;46.1079;55.1712;0.979269;4.93671;0.337155;5881.35;0;0.411215;5;0.196262;1;0.0186916;0.920561;16061;389680;0.366186;0.156687;2.33705;632.861
2;11868;410;183;40;51;58;10;0;0;0;9.48334;39.1794;46.9325;0.970264;4.13139;0.556998;3529.18;0;0.626168;5;0.163551;0.845794;0.0233645;1;11868;393873;0.297368;0.139682;2.1289;582.858
3;13727;421;236;44;59;61;11;0;0;0;9.64587;40.709;50.6532;0.971523;4.22035;1.3282;3909.04;0;0.46729;5;0.154206;0.598131;0.0186916;1;13727;392014;0.284771;0.147695;1.9281;543.826
4;16372;130;251;44;58;60;11;0;0;0;9.43523;45.7842;53.9841;0.978535;4.85248;-2.887;5520.25;0;0.485981;5;0.172897;0.752336;0;0.67757;16372;389369;0.337175;0.121917;2.7656;735.765
5;15614;274;225;46;55;55;10;0;0;0;9.4028;48.2776;49.1231;0.98085;5.13439;-0.405751;5429.95;0;0.415888;5;0.186916;0.733645;0.0186916;0.663551;15614;390127;0.34776;0.126938;2.73961;759.571
6;17058;330;292;48;59;58;11;0;0;0;9.37643;49.5959;51.9242;0.981966;5.28942;-1.10948;5584.13;0;0.294393;5;0.17757;0.663551;0.0233645;1;17058;359493;0.327359;0.149568;2.1887;638.95
7;15318;201;308;49;59;52;10;0;0;0;9.41469;45.7568;51.7578;0.978604;4.86015;1.81578;5505.72;0;0.523364;5;0.196262;0.78972;0.0233645;0.728972;15318;311610;0.359427;0.133007;2.70232;828.917
