id;size;xpos;ypos;zpos;xsize;ysize;zsize;weightedx;weightedy;weightedz;minaxis;medaxis;majaxis;eccentricity;elongation;orientation;integratedintensty;sigma;seedIntensity;seedScale;minIntensityForeground;maxIntensityForeground;minIntensityBackground;maxIntensityBackground;volumeForeground;volumeBackground;foregroundIntensity;backgroundIntensity;fg/bg ratio;integratedGradientMag
1;16348;375;242;38;64;59;10;0.0707284;0.0455601;0.0073484;9.30067;45.2883;57.0583;0.978685;4.86935;0.706367;5443.36;0;0.408511;5;0.178723;1;0.012766;0.889362;16348;389393;0.332965;0.142633;2.33441;605.541
2;11647;412;187;40;61;62;10;0;0;0;9.42827;39.6976;46.0599;0.971387;4.21049;1.04408;3108.54;0;0.514894;5;0.144681;0.744681;0.012766;1;11647;394094;0.266894;0.128966;2.06949;543.695
3;14515;275;225;44;51;53;11;0;0;0;9.44493;46.2449;48.0072;0.978921;4.89626;2.99661;4753.38;0;0.502128;5;0.174468;0.770213;0.012766;0.638298;14515;391226;0.327478;0.114883;2.85053;656.881
4;13744;425;238;44;61;58;11;0;0;0;9.62371;40.6644;50.7603;0.971592;4.22544;1.58493;3562.18;0;0.412766;5;0.140426;0.544681;0.0170213;1;13744;391997;0.25918;0.134033;1.9337;517.962
5;15726;130;249;44;53;57;11;0;0;0;9.45293;44.6806;53.358;0.977364;4.72664;0.535254;4925.38;0;0.455319;5;0.170213;0.719149;0.0170213;0.651064;15726;390015;0.313197;0.110855;2.82529;689.311
6;13609;202;312;48;56;50;10;0;0;0;9.43789;44.4339;47.8966;0.977182;4.70804;1.52703;4742.45;0;0.714894;5;0.182979;0.991489;0.012766;0.693617;13609;313319;0.348477;0.119553;2.91482;885.565
7;16916;330;293;49;60;59;10;0;0;0;9.36957;49.5782;51.5562;0.98198;5.29141;2.3806;5080.92;0;0.27234;5;0.165957;0.629787;0.0212766;1;16916;350878;0.30036;0.133662;2.24716;594.485
