id;size;xpos;ypos;zpos;xsize;ysize;zsize;weightedx;weightedy;weightedz;minaxis;medaxis;majaxis;eccentricity;elongation;orientation;integratedintensty;sigma;seedIntensity;seedScale;minIntensityForeground;maxIntensityForeground;minIntensityBackground;maxIntensityBackground;volumeForeground;volumeBackground;foregroundIntensity;backgroundIntensity;fg/bg ratio;integratedGradientMag
1;11926;412;184;39;59;63;9;0;0;0;9.44618;39.5916;47.0513;0.97112;4.19128;1.03874;1719.53;0;0.266979;5;0.0772834;0.428571;0.00468384;0.526932;11926;393815;0.144184;0.0659968;2.18472;301.359
2;15458;371;243;40;61;60;10;0;0;0;9.48569;42.3469;55.4327;0.974589;4.46429;0.342098;2838.04;0;0.201405;5;0.0983607;0.540984;0.00936768;0.428571;15458;390283;0.183598;0.0778513;2.35832;318.27
3;14991;128;249;43;53;56;10;0;0;0;9.37332;42.6361;53.78;0.975535;4.54866;0.630446;2595.92;0;0.199063;5;0.0936768;0.381733;0.00936768;0.323185;14991;390750;0.173167;0.0577276;2.99972;373.973
4;13378;428;240;44;59;56;11;0;0;0;9.6804;39.4294;50.5636;0.969393;4.07311;1.67503;1895.11;0;0.224824;5;0.0772834;0.295082;0.00936768;0.540984;13378;392363;0.141659;0.0709442;1.99677;288.112
5;9491;280;228;45;47;45;11;0.113652;0.0956393;0.0197283;9.64157;39.5206;42.1238;0.969785;4.09898;0.0199368;2331.68;0;0.213115;5;0.131148;1;0.00702576;0.648712;9491;396250;0.245673;0.064421;3.81355;551.645
6;12095;206;309;47;54;48;10;0;0;0;9.45667;42.7477;45.7917;0.975224;4.52037;1.8657;2443.91;0;0.494145;5;0.107728;0.58548;0.00936768;0.826698;12095;326509;0.202061;0.0636819;3.17297;486.794
7;17309;329;289;49;59;58;10;0;0;0;9.30447;50.4247;52.0412;0.982828;5.4194;2.51235;2820.36;0;0.166276;5;0.0866511;0.358314;0.00702576;1;17309;359242;0.162943;0.0751036;2.16957;328.012
