id;size;xpos;ypos;zpos;xsize;ysize;zsize;weightedx;weightedy;weightedz;minaxis;medaxis;majaxis;eccentricity;elongation;orientation;integratedintensty;sigma;seedIntensity;seedScale;minIntensityForeground;maxIntensityForeground;minIntensityBackground;maxIntensityBackground;volumeForeground;volumeBackground;foregroundIntensity;backgroundIntensity;fg/bg ratio;integratedGradientMag
1;12726;412;186;39;61;63;10;0;0;0;9.42622;41.2798;48.4455;0.973579;4.37926;0.822024;1955.37;0;0.347258;5;0.0809399;0.45953;0.00522193;0.550914;12726;393015;0.153653;0.0741006;2.07357;325.998
2;15570;368;243;40;56;57;11;0;0;0;9.50002;42.616;55.154;0.974836;4.48589;0.604337;3075.66;0;0.201044;5;0.10705;0.553525;0.0104439;0.490862;15570;390171;0.197538;0.0864697;2.28448;354.504
3;14651;431;242;43;62;60;10;0;0;0;9.5887;42.0775;52.569;0.973689;4.38824;1.34052;2181.29;0;0.211488;5;0.078329;0.342037;0.00522193;0.553525;14651;391090;0.148884;0.0768031;1.93852;314.929
4;11130;129;247;43;45;55;10;0;0;0;9.48574;36.097;50.0598;0.964854;3.8054;0.345847;2696.96;0;0.195822;5;0.127937;0.97389;0.0078329;0.793734;11130;394611;0.242314;0.0661629;3.66239;663.5
5;8139;283;228;44;36;47;11;0.117737;0.0949631;0.0193364;9.75447;30.152;46.2173;0.946225;3.09109;0.186937;2327.22;0;0.347258;5;0.151436;1;0.0078329;0.856397;8139;397602;0.285934;0.0723572;3.9517;437.85
6;12920;204;305;47;55;49;11;0;0;0;9.47728;43.1389;46.9783;0.975569;4.55182;1.63418;2751.52;0;0.501306;5;0.109661;0.597911;0;0.691906;12920;334441;0.212967;0.0697367;3.05388;504.909
7;17228;328;291;49;57;61;10;0;0;0;9.2366;50.6126;52.0118;0.983207;5.47957;-0.470637;2971.43;0;0.224543;5;0.0939948;0.561358;0.0104439;0.879896;17228;350566;0.172478;0.0815956;2.11382;369.301
