id;size;xpos;ypos;zpos;xsize;ysize;zsize;weightedx;weightedy;weightedz;minaxis;medaxis;majaxis;eccentricity;elongation;orientation;integratedintensty;sigma;seedIntensity;seedScale;minIntensityForeground;maxIntensityForeground;minIntensityBackground;maxIntensityBackground;volumeForeground;volumeBackground;foregroundIntensity;backgroundIntensity;fg/bg ratio;integratedGradientMag
1;13457;412;192;37;61;62;9;0;0;0;9.43575;40.7387;51.064;0.972807;4.31749;0.990311;1926.52;0;0.416459;5;0.0773067;0.416459;0.00498753;0.481297;13457;392284;0.14316;0.0714323;2.00414;319.868
2;15703;365;241;39;58;55;10;0;0;0;9.48442;43.1821;54.9087;0.975582;4.55295;0.720731;2896.63;0;0.194514;5;0.0972569;0.481297;0.00498753;0.493766;15703;390038;0.184464;0.0781404;2.36067;346.051
3;13855;433;239;42;62;61;11;0;0;0;9.61166;40.3391;51.9094;0.971199;4.19689;1.36101;1973.17;0;0.23192;5;0.0773067;0.304239;0.0074813;0.481297;13855;391886;0.142414;0.0694105;2.05176;282.121
4;9820;132;243;43;45;49;10;0.0560749;0.0963118;0.0184063;9.8177;35.3062;42.8104;0.96056;3.59618;3.06633;2336.16;0;0.201995;5;0.124688;1;0.00498753;0.693267;9820;395921;0.237897;0.060989;3.90066;520.989
5;5800;285;224;44;30;49;10;0;0;0;9.66399;19.5485;50.2681;0.869257;2.02282;0.279547;1785.84;0;0.448878;5;0.159601;0.910224;0.00498753;0.872818;5800;399941;0.307902;0.0646761;4.76068;272.63
6;12716;203;300;46;54;49;10;0;0;0;9.49005;43.9865;45.9711;0.976449;4.63501;-1.83178;2598.38;0;0.40399;5;0.107232;0.566085;0.00498753;0.618454;12716;343402;0.204339;0.0643973;3.1731;482.959
7;17305;331;295;49;58;60;10;0;0;0;9.24226;50.4592;52.3208;0.983083;5.45962;-0.551844;2844.77;0;0.249377;5;0.0897756;0.491272;0.00997506;0.668329;17305;338813;0.16439;0.0727616;2.2593;342.156
