id;size;xpos;ypos;zpos;xsize;ysize;zsize;weightedx;weightedy;weightedz;minaxis;medaxis;majaxis;eccentricity;elongation;orientation;integratedintensty;sigma;seedIntensity;seedScale;minIntensityForeground;maxIntensityForeground;minIntensityBackground;maxIntensityBackground;volumeForeground;volumeBackground;foregroundIntensity;backgroundIntensity;fg/bg ratio;integratedGradientMag
1;13419;417;192;38;63;61;10;0;0;0;9.39467;41.645;50.1829;0.974222;4.43283;1.1412;1886.66;0;0.339713;5;0.076555;0.392345;0.00956938;0.41866;13419;392322;0.140597;0.0738159;1.9047;305.9
2;15612;365;238;38;56;56;10;0;0;0;9.49432;42.6602;55.1349;0.97492;4.49323;0.737106;2840.28;0;0.198565;5;0.0980861;0.41866;0.00956938;0.437799;15612;390129;0.181933;0.0794665;2.28943;328.742
3;14446;436;236;42;64;58;11;0;0;0;9.53356;41.553;53.1367;0.973325;4.3586;1.20668;1998.44;0;0.232057;5;0.076555;0.279904;0.00956938;0.41866;14446;391295;0.138339;0.0703835;1.9655;254.941
4;6437;136;245;44;33;45;10;0.07313;0.127838;0.025121;9.80854;22.3176;44.4454;0.898244;2.27532;2.69863;1791.33;0;0.217703;5;0.148325;1;0.00956938;0.650718;6437;399304;0.278286;0.0646868;4.30206;301.152
5;9877;282;221;45;53;48;11;0;0;0;9.32147;39.3884;48.2706;0.971594;4.22556;1.73158;1961.46;0;0.184211;5;0.107656;0.497608;0.0119617;0.535885;9877;395864;0.19859;0.0682181;2.9111;301.487
6;12576;204;295;47;53;50;10;0;0;0;9.45505;43.5784;45.8666;0.976179;4.60901;1.5933;2525.33;0;0.444976;5;0.107656;0.559809;0.00956938;0.696172;12576;363975;0.200807;0.0690123;2.90973;495.315
7;17430;333;297;49;60;62;10;0;0;0;9.22886;50.8185;52.389;0.983372;5.50647;-0.715264;2820.24;0;0.19378;5;0.0885167;0.483254;0.00956938;0.461723;17430;329931;0.161807;0.0716566;2.25808;342.906
