id;size;xpos;ypos;zpos;xsize;ysize;zsize;weightedx;weightedy;weightedz;minaxis;medaxis;majaxis;eccentricity;elongation;orientation;integratedintensty;sigma;seedIntensity;seedScale;minIntensityForeground;maxIntensityForeground;minIntensityBackground;maxIntensityBackground;volumeForeground;volumeBackground;foregroundIntensity;backgroundIntensity;fg/bg ratio;integratedGradientMag
1;14410;418;188;37;63;63;9;0;0;0;9.32648;43.151;52.4983;0.976363;4.62672;1.53242;3123.74;0;0.476744;5;0.116279;0.655039;0.00775194;0.748062;14410;391331;0.216777;0.113852;1.90403;490.813
2;15479;360;233;40;57;54;11;0;0;0;9.50522;42.2368;55.2187;0.974348;4.44354;0.904324;4433.71;0;0.306202;5;0.151163;0.748062;0.00775194;0.655039;15479;390262;0.286432;0.123813;2.31342;546.747
3;16378;435;232;41;62;62;11;0;0;0;9.4034;45.8838;55.239;0.978775;4.87949;1.02373;3401.52;0;0.317829;5;0.108527;0.434108;0.00775194;0.748062;16378;389363;0.20769;0.10958;1.89532;419.697
4;23926;285;218;44;75;70;11;0;0;0;11.3119;49.1639;61.9392;0.97317;4.34621;1.73191;5845.77;0;0.244186;6;0.127907;0.531008;0.00775194;1;23926;673299;0.244329;0.109021;2.24111;722.255
5;12707;134;252;44;52;61;10;0;0;0;9.26226;39.1985;53.9019;0.971682;4.23207;0.418092;3704.76;0;0.306202;5;0.155039;0.903101;0.0116279;0.937985;12707;393034;0.291553;0.102356;2.84842;621.2
6;11759;141;236;45;51;54;9;0;0;0;9.38143;39.5837;48.2768;0.971509;4.21937;0.538817;3325.91;0;0.379845;5;0.151163;0.937985;0.0116279;0.976744;11759;393982;0.282839;0.104555;2.70517;576.921
7;13662;205;290;47;56;50;10;0.0502033;0.0679786;0.0117702;9.49996;44.3478;48.0869;0.976786;4.66821;1.49362;4163.07;0;0.651163;5;0.162791;1;0.0116279;0.937985;13662;371646;0.304719;0.108842;2.79965;830.181
8;17670;334;298;51;61;63;10;0;0;0;9.2276;50.6774;53.2515;0.983283;5.49194;2.32483;4413.64;0;0.313953;5;0.131783;0.717054;0.00775194;0.748062;17670;296609;0.249784;0.109251;2.28633;561.845
