id;size;xpos;ypos;zpos;xsize;ysize;zsize;weightedx;weightedy;weightedz;minaxis;medaxis;majaxis;eccentricity;elongation;orientation;integratedintensty;sigma;seedIntensity;seedScale;minIntensityForeground;maxIntensityForeground;minIntensityBackground;maxIntensityBackground;volumeForeground;volumeBackground;foregroundIntensity;backgroundIntensity;fg/bg ratio;integratedGradientMag
1;13891;420;187;37;62;59;10;0;0;0;9.4474;41.5697;51.341;0.973833;4.40012;1.44174;3343.67;0;0.586498;5;0.135021;0.687764;0.0168776;0.805907;13891;391850;0.240707;0.121054;1.98843;525.992
2;14752;357;233;40;55;53;11;0;0;0;9.53491;40.9201;54.3308;0.972474;4.2916;0.774972;4684.4;0;0.341772;5;0.172996;0.805907;0.0168776;0.687764;14752;390989;0.317544;0.131965;2.40628;561.986
3;15304;434;235;41;64;62;10;0;0;0;9.46897;42.1711;55.4808;0.974466;4.45361;1.13015;3556.83;0;0.400844;5;0.126582;0.50211;0.0168776;0.751055;15304;390437;0.232412;0.117061;1.98538;444.985
4;14606;136;255;41;58;61;11;0;0;0;9.35523;42.9725;52.5609;0.976015;4.59342;0.570082;3982.45;0;0.434599;5;0.14346;0.700422;0.00843882;0.620253;14606;391135;0.272659;0.110952;2.45745;533.392
5;14523;205;283;46;59;51;10;0.0448684;0.0590374;0.0103047;9.467;44.9148;49.9183;0.977534;4.74436;1.61894;4658.06;0;0.548523;5;0.168776;1;0.00843882;0.759494;14523;391218;0.320738;0.120058;2.67153;877.388
6;15399;314;204;48;63;62;9;0;0;0;9.41583;47.6895;49.7272;0.980315;5.06482;1.58683;3441.16;0;0.2827;5;0.122363;0.485232;0.0168776;0.805907;15399;390342;0.223465;0.121119;1.84501;429.316
7;15040;261;210;48;62;62;11;0;0;0;9.52741;47.1346;49.2215;0.979358;4.94727;0.474829;3285.14;0;0.345992;5;0.118143;0.544304;0.00843882;1;15040;390701;0.218425;0.113873;1.91814;471.762
8;17101;336;300;49;57;60;10;0;0;0;9.26656;50.6567;51.4307;0.983126;5.46661;-0.464195;4804.24;0;0.392405;5;0.151899;0.759494;0.0168776;0.805907;17101;321503;0.280933;0.113881;2.4669;582.723
