id;size;xpos;ypos;zpos;xsize;ysize;zsize;weightedx;weightedy;weightedz;minaxis;medaxis;majaxis;eccentricity;elongation;orientation;integratedintensty;sigma;seedIntensity;seedScale;minIntensityForeground;maxIntensityForeground;minIntensityBackground;maxIntensityBackground;volumeForeground;volumeBackground;foregroundIntensity;backgroundIntensity;fg/bg ratio;integratedGradientMag
1;13975;419;184;39;64;61;9;0;0;0;9.39248;43.1861;50.6505;0.976063;4.59794;1.42054;3493.43;0;0.669565;5;0.134783;0.708696;0.0130435;0.917391;13975;391766;0.249977;0.130421;1.9167;565.507
2;15180;360;232;39;59;49;9;0;0;0;9.54052;40.4198;56.1704;0.971744;4.23665;1.0707;4999.53;0;0.321739;5;0.178261;0.917391;0.0217391;0.708696;15180;390561;0.329349;0.137937;2.38768;676.265
3;15463;432;239;40;64;62;10;0;0;0;9.45805;42.0881;56.0648;0.974423;4.44998;1.3515;3739.67;0;0.304348;5;0.134783;0.513043;0.0217391;0.708696;15463;390278;0.241846;0.128381;1.88381;494.014
4;14774;125;270;41;64;59;10;0;0;0;9.41957;46.8911;48.6999;0.979615;4.97805;1.90075;3530.93;0;0.247826;5;0.134783;0.586957;0.0217391;0.526087;14774;390967;0.238997;0.116367;2.05382;438.942
5;13130;205;278;45;56;49;11;0.0453423;0.0597192;0.0101744;9.42355;43.0911;47.7734;0.975795;4.57271;1.48376;4521.16;0;0.691304;5;0.186957;1;0.0217391;0.691304;13130;392611;0.344338;0.130126;2.64619;910.181
6;16487;311;202;46;63;63;10;0;0;0;9.41028;49.2476;51.1531;0.981574;5.23338;1.2464;3790.73;0;0.291304;5;0.126087;0.469565;0.0173913;0.917391;16487;389254;0.22992;0.130708;1.75904;469.136
7;15634;153;226;47;63;63;9;0;0;0;9.50383;47.2796;50.2186;0.979589;4.9748;-0.326163;3652.07;0;0.282609;5;0.130435;0.526087;0.0217391;1;15634;390107;0.233597;0.128405;1.81923;438.329
8;14615;256;210;49;62;63;11;0;0;0;9.4692;46.653;49.0769;0.979185;4.92682;0.677839;3334.14;0;0.36087;5;0.126087;0.582609;0.0173913;1;14615;391126;0.228129;0.122486;1.86249;468.167
9;17087;338;303;51;57;59;10;0;0;0;9.31402;49.5213;52.3997;0.982154;5.31686;-0.52178;4918.77;0;0.408696;5;0.16087;0.765217;0.0217391;0.7;17087;289269;0.287868;0.121329;2.37262;570.841
