id;size;xpos;ypos;zpos;xsize;ysize;zsize;weightedx;weightedy;weightedz;minaxis;medaxis;majaxis;eccentricity;elongation;orientation;integratedintensty;sigma;seedIntensity;seedScale;minIntensityForeground;maxIntensityForeground;minIntensityBackground;maxIntensityBackground;volumeForeground;volumeBackground;foregroundIntensity;backgroundIntensity;fg/bg ratio;integratedGradientMag
1;16285;430;238;38;66;61;10;0;0;0;9.32816;44.3541;56.8936;0.977634;4.75486;1.54355;3891.75;0;0.375587;5;0.122066;0.605634;0;0.830986;16285;389456;0.238978;0.12459;1.91812;596.984
2;15391;416;188;39;65;60;11;0;0;0;9.47485;43.963;53.4595;0.9765;4.63996;1.90661;3848.19;0;0.455399;5;0.131455;0.746479;0;0.910798;15391;390350;0.25003;0.130433;1.91692;568.445
3;15087;358;230;40;60;48;10;0;0;0;9.55254;40.2394;56.1718;0.971414;4.21243;1.14658;5160.4;0;0.352113;5;0.178404;0.910798;0.00469484;0.746479;15087;390654;0.342044;0.136182;2.51168;723.785
4;14975;129;270;42;65;60;11;0;0;0;9.44544;46.9739;49.0007;0.979575;4.97319;2.20501;3650.57;0;0.300469;5;0.131455;0.647887;0.00938967;0.666667;14975;390766;0.243778;0.114058;2.13731;437.779
5;13156;201;275;44;57;49;11;0.0430024;0.0568398;0.00957974;9.41707;42.6312;48.2271;0.975297;4.52701;-1.78362;4697.41;0;0.840376;5;0.183099;1;0;0.7277;13156;392585;0.357055;0.127113;2.80897;985.078
6;16935;307;202;45;63;63;10;0;0;0;9.40456;49.9091;51.7255;0.982086;5.3069;1.3742;3938.09;0;0.234742;5;0.122066;0.502347;0.00469484;0.910798;16935;388806;0.232542;0.127613;1.82224;484.753
7;16225;153;222;47;64;62;9;0;0;0;9.49854;48.4011;50.9155;0.980555;5.09563;-0.240337;3801.27;0;0.342723;5;0.122066;0.535211;0;1;16225;389516;0.234285;0.124122;1.88754;488.343
8;15867;255;207;49;64;64;11;0;0;0;9.33418;49.4243;51.0447;0.982004;5.29498;0.558352;3491.93;0;0.309859;5;0.112676;0.586854;0;1;15867;389874;0.220079;0.117529;1.87254;530.133
9;17566;341;307;50;62;59;10;0;0;0;9.305;50.2047;53.049;0.982674;5.39545;-0.695157;5200.19;0;0.474178;5;0.15493;0.798122;0.00469484;0.737089;17566;293794;0.29604;0.114682;2.58141;636.647
