id;size;xpos;ypos;zpos;xsize;ysize;zsize;weightedx;weightedy;weightedz;minaxis;medaxis;majaxis;eccentricity;elongation;orientation;integratedintensty;sigma;seedIntensity;seedScale;minIntensityForeground;maxIntensityForeground;minIntensityBackground;maxIntensityBackground;volumeForeground;volumeBackground;foregroundIntensity;backgroundIntensity;fg/bg ratio;integratedGradientMag
1;16042;433;237;37;64;61;10;0;0;0;9.33314;43.6787;56.7568;0.976904;4.67995;1.71369;2802.78;0;0.268852;5;0.095082;0.370492;0.0131148;0.862295;16042;389699;0.174714;0.0927158;1.8844;411.676
2;14196;416;187;38;65;60;10;0;0;0;9.40196;42.5044;51.6936;0.975229;4.5208;1.7987;2620.13;0;0.396721;5;0.101639;0.52459;0.0131148;0.583607;14196;391545;0.184568;0.0975303;1.89241;377.335
3;15016;358;230;39;59;48;10;0;0;0;9.57428;40.4168;55.4949;0.971537;4.22139;1.19122;3712.63;0;0.239344;5;0.131148;0.583607;0.00983607;0.721312;15016;390725;0.247245;0.101318;2.44028;509.593
4;12558;199;269;43;54;51;11;0;0;0;9.48052;42.3432;46.6268;0.974613;4.46634;-2.13058;3327.22;0;0.6;5;0.140984;0.708197;0.00983607;0.521311;12558;393183;0.264948;0.0971295;2.72778;628.136
5;15253;132;274;43;64;62;10;0;0;0;9.36957;47.297;50.2111;0.980182;5.04794;2.22868;2654.54;0;0.22623;5;0.095082;0.432787;0.00983607;0.62623;15253;390488;0.174034;0.088044;1.97666;316.361
6;16392;309;200;45;65;62;9;0;0;0;9.43804;49.5173;50.2687;0.981668;5.24657;1.46278;2792.06;0;0.163934;5;0.095082;0.370492;0.0131148;0.583607;16392;389349;0.170329;0.0960381;1.77356;313.439
7;16328;153;218;46;64;64;10;0;0;0;9.55709;48.1733;51.0092;0.980123;5.04058;-0.168483;2781.72;0;0.272131;5;0.0918033;0.380328;0.00655738;0.708197;16328;389413;0.170364;0.0938147;1.81596;340.254
8;15480;256;203;49;63;63;11;0;0;0;9.3463;48.5591;50.4461;0.981302;5.19554;0.255051;2514.41;0;0.2;5;0.0885246;0.413115;0.00983607;0.708197;15480;390261;0.162429;0.0888381;1.82837;352.043
9;14476;343;306;50;54;56;10;0.0944968;0.0845356;0.0139995;9.35334;45.5591;49.2966;0.978699;4.8709;2.58076;3714.41;0;0.180328;5;0.137705;1;0.00983607;0.862295;14476;296884;0.256589;0.0874839;2.93299;733.574
