id;size;xpos;ypos;zpos;xsize;ysize;zsize;weightedx;weightedy;weightedz;minaxis;medaxis;majaxis;eccentricity;elongation;orientation;integratedintensty;sigma;seedIntensity;seedScale;minIntensityForeground;maxIntensityForeground;minIntensityBackground;maxIntensityBackground;volumeForeground;volumeBackground;foregroundIntensity;backgroundIntensity;fg/bg ratio;integratedGradientMag
1;16825;432;241;36;66;63;10;0;0;0;9.24713;46.0821;57.281;0.97966;4.98339;1.58494;2487.99;0;0.213256;5;0.0806916;0.317003;0.00864553;0.43804;16825;388916;0.147874;0.0832229;1.77684;341.223
2;13211;413;189;37;64;62;9;0;0;0;9.35041;42.0086;49.5406;0.974914;4.4927;1.61638;2137.49;0;0.302594;5;0.092219;0.435158;0.0172911;0.512968;13211;392530;0.161796;0.0867163;1.86581;323.008
3;15335;358;233;40;60;50;9;0;0;0;9.54594;40.8597;56.1223;0.972326;4.28032;1.12265;3153.17;0;0.198847;5;0.10951;0.512968;0.00864553;0.904899;15335;390406;0.205618;0.0952074;2.15968;424.188
4;16561;134;276;42;65;63;11;0;0;0;9.28692;49.8481;52.2014;0.982492;5.36756;2.26934;2427.28;0;0.175793;5;0.0806916;0.368876;0.0115274;0.423631;16561;389180;0.146565;0.0793969;1.84598;273.803
5;16742;312;196;43;65;64;11;0;0;0;9.38684;49.9803;51.1526;0.982205;5.3245;1.27869;2461.86;0;0.181556;5;0.0835735;0.32853;0.0144092;0.512968;16742;388999;0.147046;0.0872804;1.68475;265.837
6;12546;197;266;43;51;51;11;0;0;0;9.49534;43.4064;45.0205;0.97578;4.57133;-2.47999;2795.22;0;0.389049;5;0.121037;0.48415;0.0144092;0.420749;12546;393195;0.222798;0.0864175;2.57816;435.4
7;18001;152;214;47;64;64;11;0;0;0;9.33563;51.5973;53.3737;0.983495;5.52692;-0.23795;2551.16;0;0.224784;5;0.0749279;0.345821;0.00576369;0.48415;18001;387740;0.141723;0.0824938;1.71799;303.75
8;18229;261;200;49;64;64;11;0;0;0;9.16073;53.328;53.6169;0.985135;5.82137;0.846813;2442.2;0;0.195965;5;0.0720461;0.340058;0.00576369;0.48415;18229;387512;0.133973;0.0797048;1.68087;315.801
9;12157;345;301;49;53;53;10;0.119366;0.101444;0.0175836;9.41258;39.7272;48.0876;0.971527;4.22065;0.110021;2957.3;0;0.334294;5;0.132565;1;0.0144092;0.84438;12157;343961;0.243259;0.0828378;2.93657;649.662
