id;size;xpos;ypos;zpos;xsize;ysize;zsize;weightedx;weightedy;weightedz;minaxis;medaxis;majaxis;eccentricity;elongation;orientation;integratedintensty;sigma;seedIntensity;seedScale;minIntensityForeground;maxIntensityForeground;minIntensityBackground;maxIntensityBackground;volumeForeground;volumeBackground;foregroundIntensity;backgroundIntensity;fg/bg ratio;integratedGradientMag
1;14005;408;189;35;62;62;10;0;0;0;9.32924;43.4663;50.9501;0.976695;4.65915;1.19377;1662.99;0;0.299107;5;0.0647321;0.350446;0.00669643;0.381696;14005;391736;0.118743;0.0618987;1.91834;261.404
2;16471;429;243;37;66;62;10;0;0;0;9.17966;45.9578;57.2674;0.979849;5.00648;1.59711;1845.62;0;0.214286;5;0.0580357;0.328125;0;0.707589;16471;389270;0.112053;0.06059;1.84936;322.744
3;14981;355;237;38;58;50;10;0;0;0;9.5549;40.1528;55.8461;0.971274;4.20233;1.07036;2354.8;0;0.136161;5;0.0825893;0.381696;0.00446429;0.986607;14981;390760;0.157186;0.0696006;2.2584;320.326
4;16097;135;278;41;66;63;11;0;0;0;9.27133;49.2658;52.219;0.982133;5.31378;-0.785296;1754.42;0;0.138393;5;0.0580357;0.279018;0.00446429;0.337054;16097;389644;0.10899;0.0569755;1.91293;206.209
5;17490;316;195;42;65;64;11;0;0;0;9.33594;51.2142;52.3393;0.983244;5.4857;1.12064;1879;0;0.127232;5;0.0580357;0.258929;0.00669643;0.381696;17490;388251;0.107433;0.0633074;1.697;209.964
6;13635;195;264;43;50;55;10;0;0;0;9.51147;44.4643;47.2103;0.976853;4.67481;0.153761;2228.59;0;0.25;5;0.0870536;0.379464;0.00669643;0.325893;13635;392106;0.163446;0.06242;2.61848;342.267
7;17713;153;210;45;64;65;10;0;0;0;9.34581;51.1514;52.7348;0.983167;5.47319;0.111262;1875.81;0;0.196429;5;0.0558036;0.258929;0.00446429;0.379464;17713;388028;0.1059;0.0595848;1.77729;232.721
8;3542;352;294;49;33;44;10;0.303269;0.245341;0.041742;9.85065;19.1071;44.7503;0.85686;1.93968;0.381641;1173.88;0;0.430804;5;0.171875;1;0.00446429;0.941964;3542;373009;0.331416;0.0624043;5.31079;252.143
9;16748;264;199;50;64;64;10;0;0;0;9.22593;50.8231;52.1222;0.983385;5.50872;2.64501;1714.8;0;0.165179;5;0.0558036;0.256696;0.00669643;0.379464;16748;369672;0.102387;0.0571163;1.79261;224.862
