id;size;xpos;ypos;zpos;xsize;ysize;zsize;weightedx;weightedy;weightedz;minaxis;medaxis;majaxis;eccentricity;elongation;orientation;integratedintensty;sigma;seedIntensity;seedScale;minIntensityForeground;maxIntensityForeground;minIntensityBackground;maxIntensityBackground;volumeForeground;volumeBackground;foregroundIntensity;backgroundIntensity;fg/bg ratio;integratedGradientMag
1;15995;411;184;34;65;65;10;0;0;0;9.2405;46.1964;54.8473;0.979791;4.99934;0.875016;3252.27;0;0.48;5;0.108;0.556;0.008;0.712;15995;389746;0.203332;0.105101;1.93463;448.567
2;15820;428;246;36;65;63;10;0;0;0;9.30687;44.0572;56.2403;0.977433;4.73383;1.68535;3244.99;0;0.352;5;0.112;0.548;0.012;0.94;15820;389921;0.205121;0.107834;1.90219;547.205
3;16993;133;279;39;66;64;10;0;0;0;9.19256;51.1636;53.0452;0.983727;5.56576;2.23826;3264.41;0;0.236;5;0.1;0.524;0.004;0.592;16993;388748;0.192105;0.102803;1.86868;413.045
4;14991;358;240;40;57;53;11;0;0;0;9.55;40.2001;55.8494;0.971372;4.20943;0.936334;4221.92;0;0.256;5;0.148;0.712;0.008;1;14991;390750;0.281631;0.129508;2.17463;548.399
5;17222;317;193;43;64;66;9;0;0;0;9.30888;51.4807;51.9566;0.983516;5.53029;2.499;3314.1;0;0.212;5;0.104;0.468;0.008;0.712;17222;388519;0.192437;0.112231;1.71465;374.444
6;12777;192;257;43;50;53;11;0;0;0;9.45382;43.8225;45.6856;0.976453;4.63543;0.202316;3824.58;0;0.508;5;0.16;0.704;0.008;0.568;12777;392964;0.299334;0.112405;2.66299;588.979
7;14748;355;308;45;61;61;10;0.0851853;0.0692284;0.0110471;9.23965;44.5092;53.5887;0.978216;4.81719;-0.670047;4073.47;0;0.304;5;0.148;1;0.012;0.988;14748;303423;0.276206;0.114558;2.41106;704.343
8;17377;156;211;47;63;62;9;0;0;0;9.3991;50.3131;52.4269;0.982396;5.35297;-0.306898;3336.81;0;0.256;5;0.104;0.432;0.012;0.704;17377;388364;0.192026;0.106491;1.80321;394.914
9;16166;262;196;51;63;63;11;0;0;0;9.31371;49.137;51.6536;0.981872;5.27576;2.82554;3015.7;0;0.288;5;0.104;0.448;0.016;0.704;16166;350933;0.186548;0.102246;1.8245;377.522
