id;size;xpos;ypos;zpos;xsize;ysize;zsize;weightedx;weightedy;weightedz;minaxis;medaxis;majaxis;eccentricity;elongation;orientation;integratedintensty;sigma;seedIntensity;seedScale;minIntensityForeground;maxIntensityForeground;minIntensityBackground;maxIntensityBackground;volumeForeground;volumeBackground;foregroundIntensity;backgroundIntensity;fg/bg ratio;integratedGradientMag
1;16893;413;183;34;65;64;10;0;0;0;9.23331;47.27;55.9727;0.980737;5.11951;0.904228;4559.28;0;0.470588;5;0.144385;0.668449;0.0106952;0.887701;16893;388848;0.269891;0.145968;1.84897;607.473
2;16306;426;250;36;64;64;10;0;0;0;9.24033;45.5264;56.4217;0.979186;4.92692;1.86372;4485.61;0;0.438503;5;0.149733;0.727273;0.0213904;0.887701;16306;389435;0.275089;0.152716;1.8013;725.499
3;14721;360;236;39;51;56;10;0;0;0;9.56499;40.3588;54.7422;0.97151;4.21943;0.542859;5650.8;0;0.368984;5;0.208556;0.887701;0.0213904;0.823529;14721;391020;0.383859;0.175514;2.18706;636.255
4;16304;134;284;39;66;64;11;0;0;0;9.1722;50.2132;51.99;0.983175;5.4745;2.25103;4333.5;0;0.326203;5;0.144385;0.716578;0.0160428;0.807487;16304;369004;0.265792;0.141544;1.8778;561.395
5;17653;316;193;43;64;66;9;0;0;0;9.3031;51.5612;52.585;0.983588;5.54237;2.31918;4595.58;0;0.342246;5;0.144385;0.57754;0.0213904;0.887701;17653;388088;0.260327;0.15547;1.67445;491.932
6;13578;189;251;44;54;52;10;0.0378418;0.0470716;0.00830675;9.56016;44.5948;46.9958;0.976751;4.66465;0.971992;5417.28;0;0.545455;5;0.219251;1;0.026738;0.823529;13578;392163;0.398977;0.157793;2.52849;731.869
7;18043;156;208;45;64;64;10;0;0;0;9.29361;51.2356;53.8246;0.983411;5.513;-0.683599;4646.6;0;0.390374;5;0.139037;0.57754;0.0160428;1;18043;387698;0.257526;0.148784;1.73087;522.74
8;26660;348;301;46;73;70;11;0;0;0;11.2877;49.2761;67.9578;0.97341;4.36548;-1.02918;9005.58;0;0.262032;6;0.181818;0.668449;0.0160428;0.887701;26660;528615;0.337791;0.148651;2.27237;1056.43
9;16512;259;194;50;64;64;11;0;0;0;9.33854;49.5146;52.3835;0.982054;5.30217;3.0218;4152.17;0;0.272727;5;0.139037;0.636364;0.0213904;1;16512;369908;0.251457;0.14269;1.76226;541.333
