id;size;xpos;ypos;zpos;xsize;ysize;zsize;weightedx;weightedy;weightedz;minaxis;medaxis;majaxis;eccentricity;elongation;orientation;integratedintensty;sigma;seedIntensity;seedScale;minIntensityForeground;maxIntensityForeground;minIntensityBackground;maxIntensityBackground;volumeForeground;volumeBackground;foregroundIntensity;backgroundIntensity;fg/bg ratio;integratedGradientMag
1;1418;689;59;0;47;50;0;0;0;0;44.0751;47.4072;0;0.36829;1.0756;3.11436;510.639;0;0.843373;5;0.198795;0.957831;0.0240964;0.542169;1418;14836;0.360112;0.106413;3.3841;69.7283
2;1446;319;137;0;49;45;0;0;0;0;39.1776;49.0786;0;0.602308;1.25272;0.485176;540.145;0;0.53012;5;0.204819;0.783133;0.0240964;0.271084;1446;17875;0.373543;0.102776;3.63455;83.1568
3;1549;701;160;0;49;48;0;0;0;0;47.0798;49.0157;0;0.278264;1.04112;0.0753834;505.319;0;0.608434;5;0.186747;0.783133;0.0361446;0.457831;1549;14019;0.326222;0.107527;3.03387;76.3367
4;1453;331;276;0;50;46;0;0;0;0;39.9763;51.1739;0;0.624299;1.28011;0.148857;573.5;0;0.542169;5;0.216867;0.861446;0.0240964;0.680723;1453;17868;0.394701;0.106416;3.70904;75.2748
5;1850;350;515;0;57;52;0;0;0;0;46.5849;55.7654;0;0.549684;1.19707;2.69132;723.458;0;0.421687;5;0.216867;0.692771;0.0240964;0.216867;1850;17471;0.391058;0.102903;3.80027;99.8261
6;1933;373;607;0;57;54;0;0.586853;0.913215;0;47.0672;53.743;0;0.482707;1.14184;0.747095;667.97;0;0.331325;5;0.174699;1;0;0.566265;1933;17388;0.345561;0.104097;3.3196;93.5573
7;1841;571;668;0;56;63;0;0;0;0;40.5487;59.9789;0;0.736856;1.47918;1.6865;497.651;0;0.337349;5;0.150602;0.596386;0.0180723;0.253012;1841;17480;0.270315;0.101709;2.65772;69.9003
8;1423;242;700;0;46;52;0;0;0;0;38.4185;56.0113;0;0.72769;1.45793;2.33219;578.524;0;0.746988;5;0.222892;0.849398;0.0180723;0.216867;1423;17898;0.406552;0.102994;3.94733;88.9761
