id;size;xpos;ypos;zpos;xsize;ysize;zsize;weightedx;weightedy;weightedz;minaxis;medaxis;majaxis;eccentricity;elongation;orientation;integratedintensty;sigma;seedIntensity;seedScale;minIntensityForeground;maxIntensityForeground;minIntensityBackground;maxIntensityBackground;volumeForeground;volumeBackground;foregroundIntensity;backgroundIntensity;fg/bg ratio;integratedGradientMag
1;1206;685;62;0;46;44;0;1.40999;0.137661;0;42.1292;48.2152;0;0.486329;1.14446;2.31337;479.438;0;0.575;5;0.21875;1;0.025;0.55;1206;16218;0.397544;0.104985;3.78667;81.0478
2;1525;314;135;0;52;55;0;0;0;0;40.3929;49.9451;0;0.58816;1.23648;0.386841;521.388;0;0.39375;5;0.1875;0.8;0.025;0.2125;1525;17796;0.341894;0.100004;3.41879;83.9884
3;1796;702;157;0;50;52;0;0;0;0;48.9234;52.1232;0;0.344975;1.0654;1.21645;605.356;0;0.46875;5;0.18125;0.775;0.00625;0.46875;1796;13772;0.337058;0.103088;3.26963;93.1681
4;1471;330;275;0;49;46;0;0;0;0;41.1378;50.0667;0;0.569978;1.21705;0.121822;588.5;0;0.51875;5;0.21875;0.93125;0.01875;0.6625;1471;17850;0.400068;0.104692;3.82137;73.7483
5;1806;347;515;0;54;51;0;0;0;0;45.8095;54.9603;0;0.552517;1.19976;2.80941;734.375;0;0.5125;5;0.21875;0.73125;0.0125;0.2375;1806;17515;0.406631;0.100482;4.04681;99.3267
6;1864;375;608;0;52;55;0;0;0;0;45.277;55.41;0;0.576458;1.2238;1.00805;654.594;0;0.24375;5;0.1875;0.94375;0.0125;0.5;1864;17457;0.351177;0.100323;3.50046;104.931
7;1853;576;667;0;53;62;0;0;0;0;39.2748;62.3376;0;0.776568;1.58722;1.9084;542.856;0;0.30625;5;0.1625;0.68125;0.01875;0.19375;1853;17468;0.292961;0.0991897;2.95354;78.4095
8;1447;240;697;0;46;53;0;0;0;0;39.1523;55.1018;0;0.703651;1.40737;2.34593;594.763;0;0.625;5;0.21875;0.875;0.01875;0.24375;1447;17874;0.411031;0.100597;4.08591;93.5644
