id;size;xpos;ypos;zpos;xsize;ysize;zsize;weightedx;weightedy;weightedz;minaxis;medaxis;majaxis;eccentricity;elongation;orientation;integratedintensty;sigma;seedIntensity;seedScale;minIntensityForeground;maxIntensityForeground;minIntensityBackground;maxIntensityBackground;volumeForeground;volumeBackground;foregroundIntensity;backgroundIntensity;fg/bg ratio;integratedGradientMag
1;1167;684;67;0;45;48;0;1.75191;0.198378;0;41.2577;50.4838;0;0.576288;1.22362;1.95569;388.147;0;0.638037;5;0.177914;1;0.00613497;0.423313;1167;16764;0.332603;0.0955122;3.4823;76.7993
2;1584;315;133;0;57;61;0;0;0;0;41.9835;51.9504;0;0.588982;1.2374;0.22291;386.902;0;0.288344;5;0.134969;0.656442;0.0122699;0.177914;1584;17737;0.244257;0.0905761;2.6967;63.9138
3;1654;698;157;0;60;55;0;0;0;0;47.5728;54.4229;0;0.485688;1.14399;0.505095;454.319;0;0.306748;5;0.147239;0.595092;0.00613497;0.852761;1654;14470;0.274679;0.0967684;2.83852;66.3539
4;1344;324;274;0;53;49;0;0;0;0;40.4275;54.7525;0;0.674398;1.35434;0.596983;453.098;0;0.392638;5;0.184049;0.846626;0.0184049;0.472393;1344;17977;0.337126;0.0946829;3.56058;76.3454
5;1785;348;514;0;57;55;0;0;0;0;45.9322;55.0937;0;0.5522;1.19946;2.63601;565.209;0;0.484663;5;0.165644;0.668712;0.00613497;0.177914;1785;17536;0.316643;0.0914654;3.46189;81.4674
6;1629;374;605;0;54;56;0;0;0;0;43.3501;56.5858;0;0.642728;1.30532;0.897784;449.896;0;0.312883;5;0.147239;0.656442;0.00613497;0.484663;1629;17692;0.27618;0.0957403;2.88467;76.1089
7;1752;575;662;0;61;65;0;0;0;0;40.3751;61.7972;0;0.757058;1.53058;1.81149;401.847;0;0.202454;5;0.128834;0.631902;0.0184049;0.214724;1752;17569;0.229364;0.0907478;2.52749;59.3871
8;1320;239;698;0;49;46;0;0;0;0;37.7818;55.0858;0;0.727722;1.458;2.67557;449.724;0;0.447853;5;0.177914;0.717791;0.00613497;0.214724;1320;18001;0.3407;0.0914776;3.7244;73.3267
