id;size;xpos;ypos;zpos;xsize;ysize;zsize;weightedx;weightedy;weightedz;minaxis;medaxis;majaxis;eccentricity;elongation;orientation;integratedintensty;sigma;seedIntensity;seedScale;minIntensityForeground;maxIntensityForeground;minIntensityBackground;maxIntensityBackground;volumeForeground;volumeBackground;foregroundIntensity;backgroundIntensity;fg/bg ratio;integratedGradientMag
1;1105;681;68;0;43;46;0;1.79953;0.200244;0;40.2321;47.5885;0;0.534107;1.18285;2.10206;374.542;0;0.626506;5;0.186747;1;0.0180723;0.433735;1105;17799;0.338952;0.105106;3.22485;68.8802
2;1486;318;134;0;62;59;0;0;0;0;39.6243;51.4064;0;0.637072;1.29735;3.09396;382.825;0;0.39759;5;0.150602;0.656627;0.0301205;0.216867;1486;17835;0.257621;0.101429;2.53993;61.4376
3;1585;700;158;0;59;59;0;0;0;0;45.6439;54.9393;0;0.556564;1.20365;0.659133;448.054;0;0.313253;5;0.156627;0.614458;0.0180723;0.716867;1585;13983;0.282684;0.107062;2.64038;65.7604
4;1296;322;275;0;52;46;0;0;0;0;39.5655;50.9618;0;0.630272;1.28804;0.448663;422.946;0;0.439759;5;0.180723;0.76506;0.0240964;0.566265;1296;18025;0.326347;0.105957;3.07999;66.5285
5;1747;347;518;0;57;53;0;0;0;0;45.072;55.3438;0;0.580304;1.2279;2.68944;579.102;0;0.373494;5;0.186747;0.668675;0.0301205;0.222892;1747;17574;0.331484;0.102228;3.24258;77.2567
6;1708;372;611;0;56;57;0;0;0;0;43.5409;58.3783;0;0.666125;1.34077;1.6093;481.096;0;0.180723;5;0.156627;0.704819;0.0180723;0.222892;1708;17613;0.281672;0.102128;2.75803;91.8783
7;1457;574;660;0;61;63;0;0;0;0;36.41;56.8694;0;0.768176;1.56192;1.76475;392.819;0;0.295181;5;0.150602;0.795181;0.0240964;0.355422;1457;17864;0.269608;0.102437;2.63193;57.8929
8;1256;241;700;0;49;45;0;0;0;0;36.4941;54.7517;0;0.745472;1.50029;2.72991;431.036;0;0.355422;5;0.192771;0.728916;0.0240964;0.210843;1256;18065;0.343182;0.10226;3.35596;63.2498
