id;size;xpos;ypos;zpos;xsize;ysize;zsize;weightedx;weightedy;weightedz;minaxis;medaxis;majaxis;eccentricity;elongation;orientation;integratedintensty;sigma;seedIntensity;seedScale;minIntensityForeground;maxIntensityForeground;minIntensityBackground;maxIntensityBackground;volumeForeground;volumeBackground;foregroundIntensity;backgroundIntensity;fg/bg ratio;integratedGradientMag
1;644;678;71;0;40;39;0;2.55258;0.295403;0;33.703;41.8885;0;0.593836;1.24287;2.08998;264.046;0;0.867052;5;0.213873;1;0;0.410405;644;18260;0.41001;0.0859292;4.77148;52.2749
2;1814;322;136;0;64;63;0;0;0;0;47.4124;56.2213;0;0.537414;1.18579;3.07834;355.202;0;0.323699;5;0.104046;0.647399;0;0.16763;1814;17507;0.195811;0.079117;2.47496;66.9595
3;1517;700;160;0;57;62;0;0;0;0;45.875;53.2459;0;0.507641;1.16067;0.535912;373.289;0;0.398844;5;0.132948;0.606936;0.00578035;0.630058;1517;14607;0.24607;0.0843624;2.91682;57.2596
4;1247;320;271;0;51;45;0;0;0;0;38.5262;51.2563;0;0.659574;1.33043;0.464948;366.162;0;0.387283;5;0.156069;0.716763;0.00578035;0.601156;1247;18074;0.293634;0.0845472;3.47302;60.2292
5;1691;348;519;0;56;51;0;0;0;0;44.1658;55.1831;0;0.599533;1.24945;2.57027;521.699;0;0.346821;5;0.16763;0.624277;0.0115607;0.387283;1691;17630;0.308515;0.0814181;3.78927;78.7369
6;1396;369;609;0;45;59;0;0;0;0;40.1727;59.5363;0;0.738037;1.48201;1.65519;406.347;0;0.184971;5;0.156069;0.763006;0.00578035;0.242775;1396;17925;0.291079;0.0812326;3.58328;80.1263
7;1433;576;665;0;55;56;0;0;0;0;35.6436;57.1195;0;0.78141;1.60252;1.9515;367.197;0;0.375723;5;0.138728;0.803468;0.00578035;0.364162;1433;17888;0.256243;0.0811318;3.15836;58.966
8;1307;240;701;0;47;53;0;0;0;0;38.0816;54.844;0;0.719625;1.44017;2.23667;397.971;0;0.364162;5;0.16185;0.67052;0.00578035;0.231214;1307;18014;0.304492;0.080473;3.78378;70.0085
