id;size;xpos;ypos;zpos;xsize;ysize;zsize;weightedx;weightedy;weightedz;minaxis;medaxis;majaxis;eccentricity;elongation;orientation;integratedintensty;sigma;seedIntensity;seedScale;minIntensityForeground;maxIntensityForeground;minIntensityBackground;maxIntensityBackground;volumeForeground;volumeBackground;foregroundIntensity;backgroundIntensity;fg/bg ratio;integratedGradientMag
1;1110;682;71;0;43;44;0;1.88691;0.214929;0;39.9236;46.4425;0;0.510909;1.16328;2.04665;358.257;0;0.688623;5;0.173653;1;0.011976;0.383234;1110;17794;0.322754;0.0919734;3.50922;68.1729
2;1949;322;135;0;65;65;0;0;0;0;51.459;57.4177;0;0.443608;1.1158;2.94801;378.018;0;0.287425;5;0.107784;0.640719;0.011976;0.167665;1949;17372;0.193955;0.0875493;2.21538;68.0246
3;1533;700;164;0;53;62;0;0;0;0;46.1628;53.001;0;0.491319;1.14813;0.366734;401.257;0;0.39521;5;0.143713;0.598802;0.011976;0.443114;1533;14591;0.261746;0.0919055;2.84799;57.876
4;1396;319;273;0;52;52;0;0;0;0;39.4542;52.8163;0;0.664815;1.33867;0.165016;430.521;0;0.383234;5;0.161677;0.742515;0;0.568862;1396;17925;0.308396;0.0924926;3.33428;61.8435
5;1744;352;515;0;56;53;0;0;0;0;44.392;55.6027;0;0.602156;1.25254;2.78707;558.838;0;0.323353;5;0.167665;0.628743;0.011976;0.473054;1744;17577;0.320435;0.0904917;3.54104;83.1247
6;1368;367;608;0;48;55;0;0;0;0;40.3012;58.7231;0;0.727326;1.45711;1.7012;422.749;0;0.293413;5;0.167665;0.742515;0.011976;0.407186;1368;17953;0.309026;0.0915073;3.37707;81.6883
7;1333;575;662;0;45;51;0;0;0;0;35.7371;55.5803;0;0.765882;1.55525;1.94406;410.82;0;0.293413;5;0.167665;0.826347;0.011976;0.185629;1333;17988;0.308193;0.0896363;3.43825;72.3257
8;1292;239;703;0;49;52;0;0;0;0;38.2603;53.1126;0;0.693598;1.38819;2.25909;421.916;0;0.317365;5;0.173653;0.646707;0.00598802;0.323353;1292;18029;0.32656;0.0899161;3.63183;68.7509
