id;size;xpos;ypos;zpos;xsize;ysize;zsize;weightedx;weightedy;weightedz;minaxis;medaxis;majaxis;eccentricity;elongation;orientation;integratedintensty;sigma;seedIntensity;seedScale;minIntensityForeground;maxIntensityForeground;minIntensityBackground;maxIntensityBackground;volumeForeground;volumeBackground;foregroundIntensity;backgroundIntensity;fg/bg ratio;integratedGradientMag
1;558;681;77;0;39;39;0;2.66162;0.325352;0;28.0682;44.8756;0;0.78025;1.5988;2.31616;255.108;0;0.913513;5;0.248649;1;0.0216216;0.32973;558;17373;0.457183;0.0918341;4.97836;56.4437
2;1524;323;134;0;59;57;0;0;0;0;42.2468;51.1745;0;0.564338;1.21132;0.130982;319.968;0;0.32973;5;0.118919;0.578378;0.0162162;0.162162;1524;17797;0.209952;0.0852405;2.46305;53.7852
3;883;704;165;0;46;45;0;0;0;0;33.2567;55.6652;0;0.801913;1.67381;0.531459;306.757;0;0.286486;5;0.189189;0.983784;0.0108108;0.183784;883;12878;0.347403;0.0894575;3.88344;45.6684
4;1367;321;270;0;48;44;0;0;0;0;40.319;49.9175;0;0.589576;1.23806;3.0172;387.319;0;0.32973;5;0.156757;0.654054;0.0162162;0.518919;1367;17954;0.283335;0.0896941;3.1589;50.1846
5;1842;354;514;0;57;55;0;0;0;0;45.6322;57.1106;0;0.601312;1.25154;2.94587;532.719;0;0.259459;5;0.145946;0.567568;0;0.172973;1842;17479;0.289206;0.085668;3.37589;78.1585
6;1351;366;606;0;58;58;0;0;0;0;40.7487;53.1745;0;0.642458;1.30494;1.54787;346.681;0;0.518919;5;0.140541;0.67027;0.0108108;0.502703;1351;17970;0.25661;0.0902996;2.84177;59.0887
7;1271;572;663;0;44;51;0;0;0;0;35.2483;53.9842;0;0.757412;1.53154;2.00846;374.378;0;0.259459;5;0.162162;0.762162;0.0162162;0.162162;1271;18050;0.294554;0.0865522;3.40319;68.1935
8;1311;243;707;0;47;54;0;0;0;0;37.9976;55.6043;0;0.730085;1.46336;2.22417;381.6;0;0.383784;5;0.162162;0.551351;0.0162162;0.194595;1311;18010;0.291075;0.0863377;3.37136;60.9243
