id;size;xpos;ypos;zpos;xsize;ysize;zsize;weightedx;weightedy;weightedz;minaxis;medaxis;majaxis;eccentricity;elongation;orientation;integratedintensty;sigma;seedIntensity;seedScale;minIntensityForeground;maxIntensityForeground;minIntensityBackground;maxIntensityBackground;volumeForeground;volumeBackground;foregroundIntensity;backgroundIntensity;fg/bg ratio;integratedGradientMag
1;1093;682;69;0;43;45;0;1.92498;0.221458;0;36.7926;50.3949;0;0.683355;1.3697;2.20302;352.211;0;0.444444;5;0.177778;1;0.0222222;0.288889;1093;17255;0.322243;0.0900483;3.57856;72.8477
2;1397;323;136;0;60;60;0;0;0;0;39.916;48.8768;0;0.577112;1.22449;0.49846;328.144;0;0.422222;5;0.133333;0.627778;0.0166667;0.177778;1397;17924;0.234892;0.0876459;2.68001;54.0715
3;734;702;166;0;46;41;0;0;0;0;28.3029;56.9152;0;0.867589;2.01093;0.124965;260.689;0;0.35;5;0.2;0.977778;0.0222222;0.238889;734;13027;0.355162;0.092324;3.84691;39.7824
4;1309;318;275;0;48;43;0;0;0;0;40.4033;51.0232;0;0.610699;1.26285;3.09199;371.806;0;0.366667;5;0.161111;0.644444;0.0222222;0.555556;1309;18012;0.284038;0.0927191;3.06342;46.2844
5;1593;356;510;0;58;51;0;0;0;0;42.4006;54.6583;0;0.631053;1.28909;2.55737;507.483;0;0.327778;5;0.177778;0.605556;0.0222222;0.177778;1593;17728;0.318571;0.0891122;3.57494;79.2304
6;1475;362;602;0;61;57;0;0;0;0;42.3763;53.5566;0;0.6115;1.26383;1.29268;346.256;0;0.427778;5;0.133333;0.633333;0.0222222;0.544444;1475;17846;0.234749;0.0920779;2.54946;66.3939
7;1221;574;665;0;51;47;0;0;0;0;35.3368;53.3803;0;0.749519;1.51061;2.169;362.567;0;0.261111;5;0.166667;0.688889;0.0222222;0.172222;1221;18100;0.296943;0.0887153;3.34714;70.4353
8;1341;246;713;0;58;52;0;0;0;0;37.8112;58.3012;0;0.761173;1.5419;2.4212;378.467;0;0.522222;5;0.161111;0.655556;0.0222222;0.177778;1341;17146;0.282227;0.0884351;3.19135;60.7591
