id;size;xpos;ypos;zpos;xsize;ysize;zsize;weightedx;weightedy;weightedz;minaxis;medaxis;majaxis;eccentricity;elongation;orientation;integratedintensty;sigma;seedIntensity;seedScale;minIntensityForeground;maxIntensityForeground;minIntensityBackground;maxIntensityBackground;volumeForeground;volumeBackground;foregroundIntensity;backgroundIntensity;fg/bg ratio;integratedGradientMag
1;1425;680;70;0;61;54;0;0;0;0;42.5346;48.8441;0;0.491597;1.14834;2.07047;350.429;0;0.37037;5;0.132275;0.867725;0.010582;0.222222;1425;17479;0.245915;0.0792613;3.10259;69.6711
2;1406;320;133;0;61;58;0;0;0;0;39.2556;49.9122;0;0.617601;1.27147;0.521752;306.175;0;0.216931;5;0.121693;0.57672;0.015873;0.153439;1406;17915;0.217764;0.0781375;2.78693;50.0604
3;764;700;168;0;47;50;0;0;0;0;29.9306;57.6604;0;0.854723;1.92647;0.172569;246.704;0;0.322751;5;0.179894;0.915344;0.015873;0.201058;764;13414;0.322911;0.0821725;3.92967;36.5325
4;1430;315;274;0;57;53;0;0;0;0;41.6177;52.8235;0;0.615849;1.26925;0.315387;346.714;0;0.338624;5;0.132275;0.587302;0.010582;0.534392;1430;17891;0.242458;0.0818925;2.96069;49.381
5;1532;359;506;0;56;50;0;0.743375;1.07146;0;41.0666;55.3743;0;0.670821;1.3484;2.32398;481.587;0;0.560847;5;0.164021;1;0;0.190476;1532;17789;0.314352;0.0794335;3.95743;105.831
6;1736;363;598;0;63;66;0;0;0;0;47.3258;55.534;0;0.523225;1.17344;1.13796;327.868;0;0.396825;5;0.10582;0.560847;0.010582;0.809524;1736;17585;0.188865;0.0826141;2.28611;65.9621
7;1269;571;667;0;46;53;0;0;0;0;36.28;53.8627;0;0.739128;1.48464;1.9531;318.608;0;0.164021;5;0.137566;0.582011;0.010582;0.148148;1269;18052;0.251071;0.07882;3.18538;60.4404
8;1470;247;714;0;49;58;0;0;0;0;38.5084;58.1254;0;0.749056;1.50942;2.16845;357.064;0;0.433862;5;0.132275;0.592593;0.010582;0.153439;1470;16600;0.242901;0.0785982;3.09041;56.6773
