id;size;xpos;ypos;zpos;xsize;ysize;zsize;weightedx;weightedy;weightedz;minaxis;medaxis;majaxis;eccentricity;elongation;orientation;integratedintensty;sigma;seedIntensity;seedScale;minIntensityForeground;maxIntensityForeground;minIntensityBackground;maxIntensityBackground;volumeForeground;volumeBackground;foregroundIntensity;backgroundIntensity;fg/bg ratio;integratedGradientMag
1;1655;683;67;0;62;62;0;0;0;0;46.1797;49.5001;0;0.36008;1.0719;1.94764;385.157;0;0.550562;5;0.123595;0.837079;0;0.224719;1655;16693;0.232723;0.0832984;2.79385;76.3772
2;1166;316;131;0;49;53;0;0;0;0;32.5407;48.4188;0;0.740489;1.48794;0.727998;293.433;0;0.230337;5;0.140449;0.511236;0.0168539;0.168539;1166;18155;0.251658;0.083521;3.0131;48.1194
3;916;696;171;0;48;48;0;0;0;0;33.9983;56.1757;0;0.796064;1.65231;0.0148638;284.27;0;0.292135;5;0.174157;0.938202;0.0168539;0.207865;916;13818;0.310338;0.086539;3.58611;44.3953
4;1439;318;270;0;51;55;0;0;0;0;40.822;53.3427;0;0.643699;1.30671;0.270761;399.461;0;0.342697;5;0.151685;0.662921;0.011236;0.561798;1439;17882;0.277596;0.0865615;3.20692;55.4734
5;1418;362;503;0;55;48;0;0.767608;1.08869;0;40.6156;54.4486;0;0.666009;1.34058;2.34711;470.292;0;0.651685;5;0.179775;1;0.011236;0.179775;1418;17903;0.331658;0.0847973;3.91119;102.114
6;2179;360;598;0;65;65;0;0;0;0;54.9893;59.9488;0;0.398265;1.09019;1.24065;378.388;0;0.38764;5;0.0955056;0.5;0.00561798;0.269663;2179;17142;0.173653;0.0830773;2.09025;70.5276
7;1515;569;671;0;60;60;0;0;0;0;39.7856;56.3033;0;0.707583;1.41517;1.64878;345.309;0;0.235955;5;0.123595;0.544944;0.00561798;0.162921;1515;17806;0.227926;0.082789;2.7531;60.4745
8;1423;251;717;0;55;59;0;0;0;0;37.8083;57.3922;0;0.752343;1.51798;1.87106;354.309;0;0.466292;5;0.140449;0.58427;0.0168539;0.168539;1423;16091;0.248987;0.0832965;2.98917;50.8439
