id;size;xpos;ypos;zpos;xsize;ysize;zsize;weightedx;weightedy;weightedz;minaxis;medaxis;majaxis;eccentricity;elongation;orientation;integratedintensty;sigma;seedIntensity;seedScale;minIntensityForeground;maxIntensityForeground;minIntensityBackground;maxIntensityBackground;volumeForeground;volumeBackground;foregroundIntensity;backgroundIntensity;fg/bg ratio;integratedGradientMag
1;1083;680;60;0;44;44;0;0;0;0;39.3511;46.4819;0;0.532245;1.18121;2.20838;245.266;0;0.295359;5;0.126582;0.763713;0.0126582;0.185654;1083;16869;0.226469;0.0643068;3.52169;50.2468
2;1124;314;131;0;44;52;0;0;0;0;31.1114;48.3194;0;0.765135;1.55311;0.950166;235.907;0;0.295359;5;0.113924;0.434599;0.00843882;0.126582;1124;18197;0.209882;0.062783;3.34297;37.0387
3;910;696;170;0;47;50;0;0;0;0;35.2607;55.8984;0;0.775946;1.58529;0.03923;223.257;0;0.257384;5;0.135021;0.687764;0.00843882;0.164557;910;13824;0.245338;0.0653036;3.75688;30.6693
4;1457;317;268;0;56;49;0;0;0;0;39.827;56.6187;0;0.710769;1.42161;0.397935;305.165;0;0.244726;5;0.113924;0.464135;0.00843882;0.35865;1457;17864;0.209447;0.0643029;3.25719;47.3802
5;1640;366;499;0;56;50;0;0;0;0;43.8906;55.7106;0;0.615891;1.26931;2.39903;380.236;0;0.35865;5;0.122363;0.649789;0.00421941;0.172996;1640;17681;0.231851;0.0634313;3.65515;79.873
6;337;362;602;0;34;41;0;2.96961;4.89986;0;21.5632;49.8311;0;0.901526;2.31093;2.04563;121.228;0;0.160338;5;0.189873;1;0.00421941;0.185654;337;18984;0.359726;0.0655399;5.48866;41.8437
7;1423;572;675;0;55;62;0;0;0;0;37.8148;56.4542;0;0.742513;1.49291;1.53272;250.646;0;0.151899;5;0.0970464;0.396624;0.00843882;0.122363;1423;17898;0.176139;0.0624357;2.82112;41.6181
8;1531;253;717;0;60;58;0;0;0;0;40.477;57.2561;0;0.707266;1.41453;1.87965;275.392;0;0.320675;5;0.0970464;0.43038;0.00843882;0.118143;1531;15566;0.179878;0.0626885;2.86939;40.0737
