id;size;xpos;ypos;zpos;xsize;ysize;zsize;weightedx;weightedy;weightedz;minaxis;medaxis;majaxis;eccentricity;elongation;orientation;integratedintensty;sigma;seedIntensity;seedScale;minIntensityForeground;maxIntensityForeground;minIntensityBackground;maxIntensityBackground;volumeForeground;volumeBackground;foregroundIntensity;backgroundIntensity;fg/bg ratio;integratedGradientMag
1;1524;681;55;0;59;60;0;0;0;0;44.0425;47.7318;0;0.385503;1.08377;1.98133;300.059;0;0.38009;5;0.108597;0.674208;0.00904977;0.180995;1524;16020;0.196889;0.0718779;2.73922;59.1017
2;1042;311;132;0;44;51;0;0;0;0;28.7186;48.0934;0;0.802135;1.67464;1.19066;261.249;0;0.266968;5;0.140271;0.515837;0.0180995;0.135747;1042;18279;0.250719;0.0720485;3.47986;34.2388
3;1028;697;168;0;48;49;0;0;0;0;38.1501;52.7779;0;0.691013;1.38343;2.92194;271.842;0;0.38009;5;0.149321;0.692308;0.0180995;0.199095;1028;13706;0.264438;0.0743663;3.55588;35.025
4;1422;318;264;0;57;51;0;0;0;0;38.079;58.6358;0;0.760434;1.53985;0.570431;343.113;0;0.230769;5;0.131222;0.511312;0.0135747;0.276018;1422;17899;0.241289;0.0729153;3.30917;57.9853
5;1530;369;498;0;52;51;0;0;0;0;42.0613;54.8841;0;0.642405;1.30486;2.00835;387.348;0;0.524887;5;0.140271;0.674208;0.0135747;0.149321;1530;17791;0.253169;0.072552;3.48948;77.2019
6;524;364;603;0;29;39;0;2.03008;3.25032;0;25.6609;39.3579;0;0.75823;1.53377;1.59625;182.751;0;0.266968;5;0.190045;1;0.0135747;0.18552;524;18797;0.348762;0.0736497;4.73541;52.6106
7;1714;573;678;0;62;64;0;0;0;0;43.9137;58.8101;0;0.665159;1.33922;1.26155;288.538;0;0.21267;5;0.0950226;0.411765;0.00904977;0.131222;1714;17607;0.168342;0.0710752;2.36851;43.7909
8;1466;254;719;0;57;61;0;0;0;0;39.3205;57.3199;0;0.727617;1.45776;1.5866;295.787;0;0.303167;5;0.113122;0.497738;0.0135747;0.140271;1466;15214;0.201765;0.0717834;2.81075;43.0909
