id;size;xpos;ypos;zpos;xsize;ysize;zsize;weightedx;weightedy;weightedz;minaxis;medaxis;majaxis;eccentricity;elongation;orientation;integratedintensty;sigma;seedIntensity;seedScale;minIntensityForeground;maxIntensityForeground;minIntensityBackground;maxIntensityBackground;volumeForeground;volumeBackground;foregroundIntensity;backgroundIntensity;fg/bg ratio;integratedGradientMag
1;1744;680;51;0;63;62;0;0;0;0;48.1762;50.8916;0;0.322281;1.05636;2.5524;205.096;0;0.166667;5;0.0648148;0.37963;0.00617284;0.114198;1744;14848;0.117601;0.04579;2.56826;37.4744
2;1116;311;129;0;40;54;0;0;0;0;30.1652;49.2732;0;0.790701;1.63345;1.18562;173.605;0;0.265432;5;0.0833333;0.37037;0.00308642;0.0895062;1116;18205;0.15556;0.0458482;3.39293;24.0492
3;1458;694;170;0;51;55;0;0;0;0;45.9634;52.0897;0;0.470519;1.13329;0.295392;208.488;0;0.132716;5;0.0771605;0.410494;0.00308642;0.095679;1458;13693;0.142996;0.0462276;3.09329;30.0348
4;944;312;263;0;52;44;0;0;0;0;25.4633;60.6107;0;0.907472;2.38032;0.65828;197.556;0;0.259259;5;0.111111;0.351852;0.00308642;0.123457;944;18377;0.209275;0.0472422;4.42983;35.0757
5;1555;367;500;0;52;51;0;0;0;0;42.6533;53.3177;0;0.600022;1.25003;2.07607;246.426;0;0.262346;5;0.0864197;0.419753;0.00617284;0.114198;1555;17766;0.158473;0.0463198;3.42128;46.9253
6;281;362;602;0;19;29;0;3.33088;5.61677;0;16.0186;29.8118;0;0.843375;1.86107;1.26947;107.179;0;0.410494;5;0.197531;1;0;0.194444;281;19040;0.38142;0.047894;7.96384;32.1154
7;2937;573;679;0;66;66;0;0;0;0;60.8831;64.2849;0;0.32099;1.05587;0.910283;228.978;0;0.111111;5;0.0401235;0.231481;0;0.0895062;2937;16384;0.0779636;0.045157;1.7265;32.4386
8;1380;256;725;0;57;59;0;0;0;0;38.1642;57.0616;0;0.743421;1.49516;1.76237;186.58;0;0.274691;5;0.0771605;0.33642;0.00925926;0.0895062;1380;14327;0.135203;0.0460392;2.93669;26.3023
