id;size;xpos;ypos;zpos;xsize;ysize;zsize;weightedx;weightedy;weightedz;minaxis;medaxis;majaxis;eccentricity;elongation;orientation;integratedintensty;sigma;seedIntensity;seedScale;minIntensityForeground;maxIntensityForeground;minIntensityBackground;maxIntensityBackground;volumeForeground;volumeBackground;foregroundIntensity;backgroundIntensity;fg/bg ratio;integratedGradientMag
1;1854;681;48;0;62;64;0;0;0;0;48.4536;53.1638;0;0.411515;1.09721;2.18527;385.121;0;0.323699;5;0.115607;0.647399;0.0115607;0.16185;1854;14250;0.207724;0.0855514;2.42807;70.0536
2;1040;309;128;0;53;49;0;0;0;0;28.8845;48.3881;0;0.802291;1.67523;1.13589;336.694;0;0.416185;5;0.17341;0.716763;0.0115607;0.179191;1040;18281;0.323744;0.0861702;3.75703;47.2975
3;1268;688;169;0;51;50;0;0;0;0;42.4563;53.6095;0;0.61058;1.2627;0.526019;350.514;0;0.115607;5;0.156069;0.676301;0.017341;0.16185;1268;15273;0.276431;0.08721;3.16971;51.1608
4;918;307;260;0;36;52;0;0;0;0;24.607;59.9491;0;0.911876;2.43626;1.25315;366.902;0;0.398844;5;0.213873;0.710983;0.0115607;0.225434;918;18403;0.399675;0.0884715;4.51756;56.3215
5;1548;366;506;0;55;50;0;0;0;0;42.5245;52.935;0;0.595528;1.24481;2.56963;446.162;0;0.508671;5;0.156069;0.722543;0.0115607;0.236994;1548;17773;0.288218;0.0868332;3.31921;77.0195
6;452;351;608;0;40;41;0;1.76921;3.08464;0;28.0834;45.5779;0;0.787618;1.62295;2.30447;196.133;0;0.595376;5;0.225434;1;0;0.676301;452;18869;0.433923;0.0894712;4.84986;38.0116
7;2401;576;679;0;66;65;0;0;0;0;54.2522;63.0823;0;0.510256;1.16276;0.907169;403.861;0;0.300578;5;0.0924855;0.456647;0.00578035;0.17341;2401;16920;0.168205;0.0842842;1.99569;58.2836
8;1489;258;729;0;61;62;0;0;0;0;39.5333;58.1444;0;0.733291;1.47077;2.09749;345.705;0;0.50289;5;0.132948;0.589595;0.017341;0.179191;1489;14218;0.232173;0.0859404;2.70156;49.7866
