id;size;xpos;ypos;zpos;xsize;ysize;zsize;weightedx;weightedy;weightedz;minaxis;medaxis;majaxis;eccentricity;elongation;orientation;integratedintensty;sigma;seedIntensity;seedScale;minIntensityForeground;maxIntensityForeground;minIntensityBackground;maxIntensityBackground;volumeForeground;volumeBackground;foregroundIntensity;backgroundIntensity;fg/bg ratio;integratedGradientMag
1;2312;679;47;0;66;62;0;0;0;0;55.9547;58.1533;0;0.272366;1.03929;2.63115;563.38;0;0.24031;5;0.139535;0.604651;0.0232558;0.232558;2312;13000;0.243674;0.120756;2.0179;98.4178
2;953;312;129;0;36;48;0;0.673641;0.274775;0;29.591;44.2044;0;0.74289;1.49384;1.45398;451.279;0;0.813953;5;0.263566;1;0.0310078;0.325581;953;18368;0.473539;0.125087;3.78566;69.3022
3;1065;683;172;0;50;53;0;0;0;0;38.0732;52.8464;0;0.693507;1.38802;0.07239;409.341;0;0.689922;5;0.217054;0.860465;0.0310078;0.286822;1065;17839;0.384359;0.124555;3.08586;55.833
4;997;305;256;0;36;52;0;0;0;0;26.5697;58.6468;0;0.891488;2.20729;1.4305;525.589;0;0.51938;5;0.286822;0.96124;0.0232558;0.310078;997;18324;0.52717;0.126107;4.18034;82.0111
5;1682;363;507;0;56;52;0;0;0;0;43.9572;54.8937;0;0.598973;1.2488;2.63052;656.791;0;0.674419;5;0.217054;0.930233;0.0232558;0.333333;1682;17639;0.390481;0.123998;3.14908;106.897
6;2844;367;590;0;66;64;0;0;0;0;61.9141;62.8113;0;0.168418;1.01449;2.84611;530.806;0;0.27907;5;0.100775;0.689922;0.00775194;0.868217;2844;16477;0.186638;0.134469;1.38796;69.0103
7;2162;351;615;0;65;65;0;0;0;0;56.1438;60.9798;0;0.390283;1.08614;2.38177;519.078;0;0.581395;5;0.131783;0.689922;0.00775194;0.627907;2162;17159;0.240089;0.124905;1.92218;74.4476
8;2586;579;680;0;65;65;0;0;0;0;57.0056;63.8431;0;0.450252;1.11994;0.866712;525.411;0;0.379845;5;0.124031;0.511628;0.0310078;0.24031;2586;16735;0.203173;0.1209;1.68051;61.095
9;2142;258;733;0;65;65;0;0;0;0;53.9258;62.1635;0;0.497464;1.15276;2.00325;525.341;0;0.527132;5;0.139535;0.697674;0.0155039;0.232558;2142;13148;0.245255;0.121063;2.02585;72.6983
