id;size;xpos;ypos;zpos;xsize;ysize;zsize;weightedx;weightedy;weightedz;minaxis;medaxis;majaxis;eccentricity;elongation;orientation;integratedintensty;sigma;seedIntensity;seedScale;minIntensityForeground;maxIntensityForeground;minIntensityBackground;maxIntensityBackground;volumeForeground;volumeBackground;foregroundIntensity;backgroundIntensity;fg/bg ratio;integratedGradientMag
1;2194;675;39;0;64;66;0;0;0;0;56.1764;57.2757;0;0.194979;1.01957;1.99974;525.78;0;0.291339;5;0.141732;0.685039;0.023622;0.244094;2194;12222;0.239642;0.122413;1.95766;85.1331
2;1001;312;126;0;39;48;0;0;0;0;32.9107;42.4199;0;0.630941;1.28894;1.50229;433.992;0;0.748031;5;0.23622;0.889764;0.023622;0.275591;1001;18320;0.433562;0.125878;3.4443;71.6461
3;1398;682;172;0;65;61;0;0;0;0;46.0291;51.8706;0;0.461034;1.12691;0.205513;445.614;0;0.629921;5;0.181102;0.787402;0.023622;0.338583;1398;17506;0.318751;0.125025;2.54949;58.7252
4;1031;307;255;0;38;51;0;0;0;0;27.9868;57.0899;0;0.871597;2.03989;1.60045;526.953;0;0.496063;5;0.283465;0.992126;0.0314961;0.425197;1031;18290;0.511108;0.128497;3.9776;72.8783
5;1768;363;512;0;59;53;0;0.510743;0.74264;0;44.7923;56.792;0;0.614768;1.2679;2.78868;702.898;0;0.440945;5;0.220472;1;0.023622;0.527559;1768;17553;0.397564;0.128307;3.09854;115.608
6;2726;370;583;0;67;67;0;0;0;0;60.3823;63.1101;0;0.290822;1.04518;0.612483;501.646;0;0.19685;5;0.110236;0.598425;0.023622;1;2726;16595;0.18402;0.152841;1.20399;67.6725
7;855;339;619;0;59;57;0;0;0;0;31.4013;45.0075;0;0.716399;1.4333;2.10076;318.268;0;0.535433;5;0.204724;0.716535;0.023622;0.574803;855;18466;0.372243;0.131788;2.82455;52.2025
8;2740;579;682;0;66;67;0;0;0;0;58.9972;64.1381;0;0.392277;1.08714;0.904973;528.488;0;0.291339;5;0.11811;0.511811;0.0314961;0.228346;2740;16581;0.192877;0.122981;1.56834;60.1698
9;1906;258;724;0;64;64;0;0;0;0;50.0703;60.7613;0;0.566517;1.21352;2.22858;482.74;0;0.535433;5;0.149606;0.645669;0.0314961;0.244094;1906;14774;0.253272;0.123187;2.056;68.7127
