id;size;xpos;ypos;zpos;xsize;ysize;zsize;weightedx;weightedy;weightedz;minaxis;medaxis;majaxis;eccentricity;elongation;orientation;integratedintensty;sigma;seedIntensity;seedScale;minIntensityForeground;maxIntensityForeground;minIntensityBackground;maxIntensityBackground;volumeForeground;volumeBackground;foregroundIntensity;backgroundIntensity;fg/bg ratio;integratedGradientMag
1;2674;670;32;0;66;64;0;0;0;0;60.6449;61.5297;0;0.168974;1.01459;1.93294;547.19;0;0.603175;5;0.119048;0.634921;0.0238095;0.230159;2674;11087;0.204634;0.123578;1.65591;77.9912
2;1042;314;127;0;46;47;0;0;0;0;32.2841;44.7188;0;0.691961;1.38517;1.63262;450.897;0;0.722222;5;0.238095;0.952381;0.0238095;0.285714;1042;18279;0.432722;0.126755;3.41384;76.5166
3;2448;676;169;0;66;64;0;0;0;0;58.7103;63.2414;0;0.371703;1.07718;0.498111;557.19;0;0.547619;5;0.126984;0.761905;0.015873;0.333333;2448;16456;0.227611;0.123952;1.83629;70.0572
4;1032;308;252;0;43;52;0;0.655591;0.489058;0;29.6983;56.9659;0;0.853352;1.91815;1.77297;474.381;0;0.460317;5;0.253968;1;0.031746;0.484127;1032;18289;0.459671;0.128306;3.58262;62.7839
5;1765;365;514;0;58;52;0;0;0;0;44.6925;57.1596;0;0.623418;1.27895;2.80901;688.595;0;0.666667;5;0.214286;0.880952;0.0238095;0.595238;1765;17556;0.390139;0.130176;2.99701;116.823
6;2892;377;583;0;66;66;0;0;0;0;61.3157;64.1185;0;0.292429;1.04571;0.972059;502.556;0;0.261905;5;0.103175;0.595238;0.0238095;0.880952;2892;16429;0.173774;0.156945;1.10723;69.093
7;844;337;618;0;48;61;0;0;0;0;31.6462;45.9862;0;0.725552;1.45314;2.31521;305.238;0;0.484127;5;0.206349;0.761905;0.031746;0.595238;844;18477;0.361657;0.132781;2.72372;54.8341
8;2512;577;685;0;65;66;0;0;0;0;57.0939;62.5335;0;0.407933;1.09528;1.33535;516.865;0;0.380952;5;0.126984;0.531746;0.0396825;0.253968;2512;16809;0.205758;0.123407;1.66731;64.9189
9;1528;259;718;0;60;60;0;0;0;0;41.9033;56.4989;0;0.67077;1.34832;2.31868;453.595;0;0.404762;5;0.174603;0.611111;0.031746;0.253968;1528;16542;0.296856;0.125163;2.37174;69.7337
