id;size;xpos;ypos;zpos;xsize;ysize;zsize;weightedx;weightedy;weightedz;minaxis;medaxis;majaxis;eccentricity;elongation;orientation;integratedintensty;sigma;seedIntensity;seedScale;minIntensityForeground;maxIntensityForeground;minIntensityBackground;maxIntensityBackground;volumeForeground;volumeBackground;foregroundIntensity;backgroundIntensity;fg/bg ratio;integratedGradientMag
1;2305;665;34;0;66;64;0;0;0;0;58.2742;59.8918;0;0.230839;1.02776;1.55559;533.305;0;0.610169;5;0.135593;0.711864;0.0254237;0.279661;2305;11456;0.231369;0.123288;1.87665;89.8203
2;1027;318;128;0;40;46;0;0.643324;0.235752;0;31.3784;44.6801;0;0.711891;1.42391;1.82012;500.525;0;0.855932;5;0.262712;1;0.00847458;0.29661;1027;18294;0.487367;0.127035;3.83648;83.2389
3;1429;676;167;0;64;63;0;0;0;0;48.2002;53.1865;0;0.422744;1.10345;0.776715;436.127;0;0.720339;5;0.169492;0.864407;0.0169492;0.457627;1429;17892;0.305197;0.125995;2.42229;58.9624
4;1137;311;252;0;47;53;0;0;0;0;31.3387;56.6756;0;0.833216;1.80849;1.92182;547.568;0;0.483051;5;0.254237;0.991525;0;0.330508;1137;18184;0.48159;0.128358;3.75193;75.0406
5;1744;363;516;0;63;57;0;0;0;0;44.8337;57.8636;0;0.632185;1.29063;2.7729;706.983;0;0.542373;5;0.220339;0.872881;0.0169492;0.610169;1744;17577;0.40538;0.130221;3.11301;117.998
6;2710;380;587;0;67;64;0;0;0;0;61.0514;62.8566;0;0.237937;1.02957;1.02288;486.678;0;0.237288;5;0.110169;0.627119;0.0254237;0.872881;2710;16611;0.179586;0.156184;1.14984;71.5604
7;815;335;614;0;55;55;0;0;0;0;30.9072;45.8526;0;0.738681;1.48356;2.42376;314.517;0;0.762712;5;0.211864;0.838983;0.0254237;0.627119;815;18506;0.38591;0.132896;2.90386;63.8729
8;2979;574;692;0;67;66;0;0;0;0;62.4025;64.2144;0;0.235874;1.02904;1.56706;540.297;0;0.262712;5;0.101695;0.508475;0.0169492;0.271186;2979;16342;0.181369;0.124463;1.45721;60.5404
9;2295;253;712;0;65;66;0;0;0;0;56.5363;61.05;0;0.377364;1.07984;2.00668;543.941;0;0.457627;5;0.135593;0.627119;0.0169492;0.262712;2295;16192;0.237012;0.123922;1.91258;75.7497
