id;size;xpos;ypos;zpos;xsize;ysize;zsize;weightedx;weightedy;weightedz;minaxis;medaxis;majaxis;eccentricity;elongation;orientation;integratedintensty;sigma;seedIntensity;seedScale;minIntensityForeground;maxIntensityForeground;minIntensityBackground;maxIntensityBackground;volumeForeground;volumeBackground;foregroundIntensity;backgroundIntensity;fg/bg ratio;integratedGradientMag
1;2239;661;33;0;65;63;0;0;0;0;56.0563;57.5278;0;0.224729;1.02625;1.78271;560.661;0;0.457627;5;0.144068;0.669492;0.0169492;0.237288;2239;11522;0.250407;0.123681;2.02462;96.5303
2;1208;321;130;0;50;60;0;0;0;0;34.3726;48.0252;0;0.698388;1.3972;2.11537;494.831;0;0.618644;5;0.220339;0.915254;0.00847458;0.254237;1208;18113;0.409628;0.125736;3.25783;81.4319
3;1862;675;165;0;64;63;0;0;0;0;52.8136;58.3562;0;0.425366;1.10495;0.619168;490.161;0;0.584746;5;0.152542;0.737288;0.0254237;0.330508;1862;17459;0.263245;0.124683;2.11132;62.8206
4;1140;312;247;0;44;53;0;0.547424;0.391263;0;30.2327;56.2162;0;0.843077;1.85945;2.05021;582.729;0;0.449153;5;0.271186;1;0.00847458;0.355932;1140;18181;0.511165;0.12819;3.98756;73.4787
5;1703;362;512;0;59;50;0;0;0;0;43.6932;57.5753;0;0.651221;1.31772;2.67433;706.119;0;0.610169;5;0.228814;0.932203;0.0254237;0.610169;1703;17618;0.414632;0.130296;3.18223;124.458
6;2921;383;583;0;67;66;0;0;0;0;61.7122;64.167;0;0.273951;1.03978;0.779804;505.381;0;0.254237;5;0.101695;0.661017;0.0254237;0.932203;2921;16400;0.173017;0.157375;1.09939;61.7334
7;833;331;618;0;53;53;0;0;0;0;32.3863;46.5524;0;0.718337;1.43741;1.90283;314.89;0;0.525424;5;0.211864;0.813559;0.0169492;0.661017;833;18488;0.378019;0.132192;2.85962;43.1557
8;2941;580;690;0;66;66;0;0;0;0;61.4243;64.6258;0;0.310846;1.05212;1.75014;578.966;0;0.237288;5;0.110169;0.533898;0.0169492;0.262712;2941;16380;0.196861;0.123764;1.59061;76.4333
9;2351;252;710;0;67;67;0;0;0;0;56.6592;61.5174;0;0.389497;1.08574;2.34426;570.432;0;0.415254;5;0.135593;0.610169;0.0169492;0.262712;2351;16553;0.242634;0.123553;1.9638;81.1843
