id;size;xpos;ypos;zpos;xsize;ysize;zsize;weightedx;weightedy;weightedz;minaxis;medaxis;majaxis;eccentricity;elongation;orientation;integratedintensty;sigma;seedIntensity;seedScale;minIntensityForeground;maxIntensityForeground;minIntensityBackground;maxIntensityBackground;volumeForeground;volumeBackground;foregroundIntensity;backgroundIntensity;fg/bg ratio;integratedGradientMag
1;2537;658;29;0;66;61;0;0;0;0;58.1462;61.1988;0;0.311885;1.0525;0.216288;200.529;0;0.157895;5;0.0467836;0.22807;0.00877193;0.0935673;2537;10807;0.0790424;0.0454152;1.74044;33.3852
2;1170;316;132;0;52;48;0;0;0;0;33.2927;47.7882;0;0.717389;1.43539;1.98897;171.865;0;0.216374;5;0.0789474;0.309942;0.00584795;0.0877193;1170;18151;0.146894;0.0463121;3.17183;28.1462
3;1833;673;165;0;66;67;0;0;0;0;54.0457;57.3546;0;0.334749;1.06122;0.3422;178.19;0;0.216374;5;0.0555556;0.263158;0.00877193;0.149123;1833;17488;0.0972127;0.0461138;2.1081;23.0222
4;517;309;251;0;40;46;0;1.87077;1.6286;0;31.0951;53.149;0;0.810993;1.70924;1.99147;165.173;0;0.172515;5;0.166667;1;0;0.163743;517;18804;0.319483;0.0489423;6.52774;36.7946
5;1581;360;511;0;60;47;0;0;0;0;39.9744;57.4296;0;0.717984;1.43666;2.80831;243.196;0;0.25731;5;0.0847953;0.421053;0.00877193;0.166667;1581;17740;0.153824;0.0475551;3.23466;44.0538
6;2924;390;583;0;67;65;0;0;0;0;62.7135;63.0147;0;0.0976646;1.0048;1.7154;182.825;0;0.0701754;5;0.0380117;0.248538;0.00877193;0.421053;2924;16397;0.0625259;0.0563679;1.10925;22.3528
7;1254;335;616;0;61;64;0;0;0;0;41.137;52.6605;0;0.624312;1.28012;1.7317;134.687;0;0.169591;5;0.0614035;0.283626;0.00877193;0.248538;1254;18067;0.107406;0.0482352;2.22672;17.016
8;2895;580;689;0;65;66;0;0;0;0;61.4043;63.8787;0;0.275627;1.0403;1.23402;197.456;0;0.0964912;5;0.0409357;0.172515;0.00877193;0.0847953;2895;16426;0.0682064;0.0454805;1.49968;22.6251
9;1900;252;706;0;64;64;0;0;0;0;49.4856;58.3071;0;0.528864;1.17826;1.97866;194.751;0;0.134503;5;0.0584795;0.204678;0.00877193;0.102339;1900;17421;0.102501;0.0457714;2.23942;26.0561
