id;size;xpos;ypos;zpos;xsize;ysize;zsize;weightedx;weightedy;weightedz;minaxis;medaxis;majaxis;eccentricity;elongation;orientation;integratedintensty;sigma;seedIntensity;seedScale;minIntensityForeground;maxIntensityForeground;minIntensityBackground;maxIntensityBackground;volumeForeground;volumeBackground;foregroundIntensity;backgroundIntensity;fg/bg ratio;integratedGradientMag
1;2108;651;25;0;65;54;0;0;0;0;52.4327;59.1064;0;0.461597;1.12728;3.09108;149.011;0;0.147541;5;0.0437158;0.202186;0.010929;0.0765027;2108;10263;0.0706881;0.0398585;1.77348;22.2819
2;982;319;134;0;36;49;0;0;0;0;29.4621;45.7259;0;0.764757;1.55203;1.83664;150.344;0;0.259563;5;0.0846995;0.325137;0.00819672;0.0901639;982;18339;0.1531;0.0410032;3.73385;24.7465
3;1702;673;165;0;66;66;0;0;0;0;52.882;56.2715;0;0.34182;1.0641;0.26777;156.631;0;0.191257;5;0.0519126;0.26776;0.00546448;0.112022;1702;17619;0.0920276;0.0403374;2.28145;20.8621
4;388;310;247;0;36;43;0;2.47091;1.83714;0;30.1276;48.2538;0;0.781139;1.60165;1.26543;124.65;0;0.150273;5;0.169399;1;0.00819672;0.166667;388;18933;0.321264;0.0433777;7.4062;31.1267
5;1540;361;509;0;60;54;0;0;0;0;39.9358;56.1937;0;0.703514;1.4071;2.67526;215.005;0;0.251366;5;0.0765027;0.36612;0.00546448;0.161202;1540;17781;0.139614;0.0416148;3.35491;39.4078
6;2915;387;583;0;66;67;0;0;0;0;62.0928;63.0489;0;0.173488;1.0154;1.33924;160.828;0;0.0928962;5;0.0327869;0.202186;0.00819672;0.36612;2915;16406;0.0551726;0.0488473;1.12949;21.3317
7;2754;331;611;0;66;67;0;0;0;0;61.4894;63.3121;0;0.238219;1.02964;1.24988;187.281;0;0.131148;5;0.0355191;0.237705;0;0.202186;2754;16567;0.0680035;0.042075;1.61624;26.5772
8;2843;580;695;0;65;67;0;0;0;0;60.8212;64.2515;0;0.322379;1.0564;1.2327;169.858;0;0.0737705;5;0.0355191;0.169399;0.00819672;0.0765027;2843;16478;0.0597462;0.0399748;1.4946;19.8732
9;786;252;705;0;40;51;0;0;0;0;33.4365;51.3553;0;0.759008;1.53591;1.96127;149.388;0;0.13388;5;0.101093;0.497268;0.00819672;0.0983607;786;18535;0.190061;0.0413242;4.59927;30.5315
