id;size;xpos;ypos;zpos;xsize;ysize;zsize;weightedx;weightedy;weightedz;minaxis;medaxis;majaxis;eccentricity;elongation;orientation;integratedintensty;sigma;seedIntensity;seedScale;minIntensityForeground;maxIntensityForeground;minIntensityBackground;maxIntensityBackground;volumeForeground;volumeBackground;foregroundIntensity;backgroundIntensity;fg/bg ratio;integratedGradientMag
1;2549;651;22;0;66;51;0;0;0;0;51.9577;65.8632;0;0.614556;1.26763;0.000134883;131.898;0;0.123256;5;0.027907;0.153488;0.00232558;0.0651163;2549;9405;0.0517448;0.0338002;1.5309;19.9778
2;880;324;132;0;40;45;0;0;0;0;29.7708;42.1195;0;0.707397;1.41479;2.13072;108.977;0;0.213953;5;0.0674419;0.276744;0.00465116;0.0651163;880;18441;0.123837;0.0348613;3.55228;20.2511
3;2038;666;160;0;66;65;0;0;0;0;54.2277;58.6806;0;0.382109;1.08211;2.89673;155.198;0;0.139535;5;0.0418605;0.202326;0.00232558;0.072093;2038;17283;0.0761519;0.0340638;2.23557;20.9954
4;372;311;241;0;33;37;0;3.07748;2.30054;0;16.2113;49.0372;0;0.943774;3.02487;0.946429;99.107;0;0.195349;5;0.139535;1;0.00465116;0.272093;372;18949;0.266417;0.0361839;7.36285;20.3707
5;1695;360;514;0;65;54;0;0;0;0;41.6947;58.2597;0;0.698439;1.39729;2.89481;181.707;0;0.151163;5;0.0581395;0.290698;0.00465116;0.12093;1695;17626;0.107202;0.035199;3.04559;32.1957
6;3021;381;587;0;67;65;0;0;0;0;62.4117;64.0506;0;0.22477;1.02626;0.989935;137.493;0;0.0860465;5;0.0255814;0.125581;0.00465116;0.290698;3021;16300;0.0455125;0.0412354;1.10373;15.1632
7;1992;332;611;0;65;64;0;0;0;0;54.9022;60.4262;0;0.417704;1.10062;1.32858;129.984;0;0.153488;5;0.0372093;0.190698;0.00465116;0.125581;1992;17329;0.0652529;0.0356371;1.83104;16.7296
8;2937;577;699;0;67;65;0;0;0;0;62.0765;64.098;0;0.249161;1.03256;1.08268;137.579;0;0.0627907;5;0.027907;0.155814;0.00465116;0.0744186;2937;16384;0.0468434;0.0342377;1.36818;15.1503
9;638;255;706;0;42;36;0;0;0;0;27.9079;42.4404;0;0.753386;1.52073;2.5682;113.521;0;0.174419;5;0.0953488;0.404651;0.00697674;0.0930233;638;18683;0.177932;0.0352206;5.05194;24.1564
