id;size;xpos;ypos;zpos;xsize;ysize;zsize;weightedx;weightedy;weightedz;minaxis;medaxis;majaxis;eccentricity;elongation;orientation;integratedintensty;sigma;seedIntensity;seedScale;minIntensityForeground;maxIntensityForeground;minIntensityBackground;maxIntensityBackground;volumeForeground;volumeBackground;foregroundIntensity;backgroundIntensity;fg/bg ratio;integratedGradientMag
1;1015;396;94;0;61;50;0;0;0;0;33.2949;45.9654;0;0.689437;1.38056;2.46201;268.478;0;0.325843;5;0.140449;0.55618;0;0.275281;1015;18306;0.26451;0.0851464;3.10653;40.6024
2;2807;347;166;0;67;67;0;0;0;0;60.4185;63.9629;0;0.328263;1.05866;2.6262;384.624;0;0.432584;5;0.0730337;0.601124;0;0.741573;2807;16514;0.137023;0.0968455;1.41486;60.1704
3;591;331;231;0;37;34;0;0;0;0;20.023;43.9411;0;0.890144;2.19453;0.661864;257;0;0.533708;5;0.224719;0.85955;0.00561798;0.960674;591;18730;0.434856;0.101056;4.3031;51.4526
4;396;286;277;0;22;40;0;0;0;0;19.4743;36.715;0;0.847736;1.8853;1.63558;170.337;0;0.853932;5;0.224719;0.960674;0;0.85955;396;18925;0.430144;0.0989158;4.34859;30.5809
5;1402;429;611;0;61;55;0;0;0;0;38.7822;54.6467;0;0.704515;1.40907;2.64433;316.466;0;0.202247;5;0.129213;0.747191;0.0168539;0.258427;1402;17919;0.225725;0.0849861;2.65602;61.9208
6;509;345;631;0;32;28;0;1.25812;2.2747;0;18.2082;37.2315;0;0.872253;2.04476;0.762487;277.399;0;0.685393;5;0.280899;1;0.00561798;0.286517;509;18812;0.544988;0.0878882;6.20092;45.046
7;2603;547;652;0;66;64;0;0;0;0;59.8469;60.5989;0;0.157046;1.01256;1.84071;387.382;0;0.162921;5;0.0842697;0.38764;0.011236;0.207865;2603;16718;0.148822;0.0849393;1.7521;44.7365
8;2683;249;653;0;67;67;0;0;0;0;58.7743;64.3018;0;0.405626;1.09405;2.98127;357.461;0;0.151685;5;0.0786517;0.398876;0.0168539;0.578652;2683;16638;0.133232;0.0844014;1.57855;48.4825
9;1429;241;730;0;63;61;0;0;0;0;44.7855;50.45;0;0.460386;1.12648;2.19758;275.185;0;0.404494;5;0.11236;0.578652;0.0168539;0.398876;1429;14695;0.192572;0.0867148;2.22075;40.0469
