id;size;xpos;ypos;zpos;xsize;ysize;zsize;weightedx;weightedy;weightedz;minaxis;medaxis;majaxis;eccentricity;elongation;orientation;integratedintensty;sigma;seedIntensity;seedScale;minIntensityForeground;maxIntensityForeground;minIntensityBackground;maxIntensityBackground;volumeForeground;volumeBackground;foregroundIntensity;backgroundIntensity;fg/bg ratio;integratedGradientMag
1;843;404;93;0;45;39;0;0;0;0;31.0763;41.06;0;0.65359;1.32127;2.37185;94.1773;0;0.148362;5;0.0597302;0.235067;0.00385356;0.132948;843;18478;0.111717;0.0303021;3.68676;14.056
2;1220;352;161;0;63;60;0;0;0;0;36.567;52.4087;0;0.716365;1.43323;2.16934;87.7418;0;0.127168;5;0.0404624;0.22736;0.00385356;0.287091;1220;18101;0.0719195;0.0337725;2.12953;12.7691
3;543;340;230;0;42;21;0;0;0;0;18.951;41.9914;0;0.892369;2.21579;0.0917364;87.262;0;0.217726;5;0.0867052;0.310212;0.00578035;0.421965;543;18778;0.160704;0.0356093;4.51296;24.684
4;275;292;266;0;20;20;0;0;0;0;15.1871;23.4906;0;0.762898;1.54675;2.3772;59.9615;0;0.414258;5;0.115607;0.421965;0.00578035;0.310212;275;19046;0.218042;0.0345358;6.3135;11.792
5;2012;428;619;0;65;61;0;0;0;0;48.7592;60.7339;0;0.596203;1.24559;2.76918;128.834;0;0.0732177;5;0.0346821;0.233141;0.00192678;0.184971;2012;17309;0.0640329;0.0289482;2.21198;24.9678
6;297;351;641;0;21;33;0;3.60113;6.52069;0;18.2294;34.296;0;0.847039;1.88136;1.55104;98.3025;0;0.44316;5;0.169557;1;0.00385356;0.16763;297;19024;0.330985;0.0314618;10.5202;17.0061
7;1618;540;652;0;62;62;0;0;0;0;46.7858;49.3699;0;0.319291;1.05523;2.92979;127.566;0;0.0867052;5;0.0423892;0.192678;0.00192678;0.0828516;1618;17703;0.0788421;0.0297135;2.65341;18.8698
8;2704;252;647;0;67;65;0;0;0;0;59.2372;63.9693;0;0.37746;1.07988;0.157184;140.212;0;0.061657;5;0.0269749;0.152216;0;0.190751;2704;16617;0.0518535;0.0287148;1.80581;21.82
9;1252;236;727;0;62;58;0;0;0;0;39.2306;47.1291;0;0.554164;1.20133;2.50044;99.3237;0;0.134875;5;0.0423892;0.229287;0;0.140655;1252;15428;0.079332;0.0298446;2.65817;16.9326
