id;size;xpos;ypos;zpos;xsize;ysize;zsize;weightedx;weightedy;weightedz;minaxis;medaxis;majaxis;eccentricity;elongation;orientation;integratedintensty;sigma;seedIntensity;seedScale;minIntensityForeground;maxIntensityForeground;minIntensityBackground;maxIntensityBackground;volumeForeground;volumeBackground;foregroundIntensity;backgroundIntensity;fg/bg ratio;integratedGradientMag
1;2948;161;341;6;62;64;9;0;0;0;7.30264;44.9374;46.8317;0.987768;6.41299;1.14706;635.822;0;0.190871;5;0.116183;0.701245;0.0124481;0.979253;2948;306188;0.215678;0.0584613;3.68925;82.2009
2;34690;385;152;15;91;92;13;0;0;0;10.013;76.9634;78.0788;0.991743;7.79776;0.0845564;13423.9;0;0.311203;7;0.195021;0.995851;0;0.892116;34690;1045531;0.386957;0.0626137;6.18007;1572.25
3;25043;380;364;15;79;80;11;0;0;0;9.21506;67.7849;69.9929;0.991295;7.59549;0.906414;9382.01;0;0.448133;6;0.186722;0.983402;0;0.908714;25043;672182;0.374629;0.067335;5.56366;1099.69
4;36800;188;250;16;91;92;13;0;0;0;10.6242;77.4515;79.8516;0.991109;7.51599;1.33724;13751.3;0;0.253112;7;0.190871;0.983402;0.00829876;0.892116;36800;1043421;0.373662;0.0650097;5.74779;1533.11
5;23550;560;268;17;79;79;11;0.243166;0.105695;0.00750238;9.17995;66.1597;68.9713;0.991103;7.51325;2.31346;9063.78;0;0.385892;6;0.19917;1;0.00829876;0.879668;23550;673675;0.384869;0.0638405;6.0286;1107.34
6;4314;332;115;21;65;67;9;0;0;0;7.71492;50.2289;51.551;0.988738;6.682;0.994675;969.17;0;0.236515;5;0.120332;0.788382;0.00829876;0.995851;4314;401427;0.224653;0.0822015;2.73296;112.929
