id;size;xpos;ypos;zpos;xsize;ysize;zsize;weightedx;weightedy;weightedz;minaxis;medaxis;majaxis;eccentricity;elongation;orientation;integratedintensty;sigma;seedIntensity;seedScale;minIntensityForeground;maxIntensityForeground;minIntensityBackground;maxIntensityBackground;volumeForeground;volumeBackground;foregroundIntensity;backgroundIntensity;fg/bg ratio;integratedGradientMag
1;2707;162;342;6;63;66;9;0;0;0;6.60667;42.7428;45.4828;0.989394;6.88439;0.785292;600.112;0;0.634855;5;0.120332;0.834025;0.0124481;0.614108;2707;287108;0.221688;0.0609164;3.63922;81.3327
2;36479;393;162;15;91;92;13;0;0;0;10.5127;77.9549;79.5388;0.991227;7.56598;0.631971;13922.1;0;0.680498;7;0.19917;0.987552;0.0165975;0.887967;36479;1043742;0.381635;0.0722676;5.28085;1529.86
3;45520;191;225;16;101;102;15;0;0;0;11.4835;84.5898;87.8632;0.991422;7.65128;1.76638;16575.8;0;0.290456;8;0.190871;0.979253;0.0124481;0.879668;45520;1489232;0.364125;0.0696224;5.23;1825.27
4;33570;364;383;16;90;91;13;0;0;0;10.2227;74.4263;78.1819;0.991415;7.64783;0.358459;12925.9;0;0.327801;7;0.19917;0.995851;0.0124481;0.879668;33570;1046651;0.385032;0.0700678;5.49513;1526.65
5;24228;556;253;17;78;80;11;0.0599789;0.026681;0.00192103;9.19599;66.6191;69.487;0.991204;7.55622;2.11206;9369.96;0;0.170124;6;0.19917;1;0.00829876;0.829876;24228;672997;0.386735;0.072365;5.34423;1064.14
