id;size;xpos;ypos;zpos;xsize;ysize;zsize;weightedx;weightedy;weightedz;minaxis;medaxis;majaxis;eccentricity;elongation;orientation;integratedintensty;sigma;seedIntensity;seedScale;minIntensityForeground;maxIntensityForeground;minIntensityBackground;maxIntensityBackground;volumeForeground;volumeBackground;foregroundIntensity;backgroundIntensity;fg/bg ratio;integratedGradientMag
1;3322;162;340;6;63;66;9;0;0;0;7.57933;44.9757;49.3771;0.988149;6.5147;1.4509;686.252;0;0.52521;5;0.113445;0.777311;0.012605;0.764706;3322;305814;0.206578;0.0616122;3.35288;81.8181
2;9020;391;171;16;67;65;11;0;0;0;7.48717;54.6655;59.3503;0.992011;7.92693;2.5373;2372.15;0;0.298319;5;0.138655;0.869748;0.012605;0.84874;9020;396721;0.262988;0.0853086;3.08278;256.192
3;8431;189;228;16;65;67;9;0;0;0;7.45579;55.1146;56.6081;0.991288;7.5925;2.14308;2248.4;0;0.558824;5;0.142857;0.953781;0.012605;0.840336;8431;397310;0.266682;0.0853831;3.12336;274.705
4;34377;347;387;16;92;92;13;0.0254302;0.030637;0.00128283;10.2677;76.3279;78.9761;0.991513;7.69172;0.122197;13251.9;0;0.760504;7;0.201681;1;0.012605;0.89916;34377;1045844;0.38549;0.0677408;5.69066;1551.31
5;24020;550;250;17;79;80;11;0;0;0;9.18748;66.9819;69.9884;0.991346;7.61781;1.93596;9380.21;0;0.714286;6;0.201681;0.978992;0.012605;0.823529;24020;673205;0.390518;0.0719438;5.42809;1100.7
6;5579;341;138;21;64;66;10;0;0;0;8.42433;51.4561;52.5561;0.98707;6.23861;1.42884;1220.53;0;0.420168;5;0.117647;0.84874;0.012605;0.869748;5579;400162;0.218772;0.0819234;2.67045;121.147
