id;size;xpos;ypos;zpos;xsize;ysize;zsize;weightedx;weightedy;weightedz;minaxis;medaxis;majaxis;eccentricity;elongation;orientation;integratedintensty;sigma;seedIntensity;seedScale;minIntensityForeground;maxIntensityForeground;minIntensityBackground;maxIntensityBackground;volumeForeground;volumeBackground;foregroundIntensity;backgroundIntensity;fg/bg ratio;integratedGradientMag
1;3962;162;339;6;63;63;9;0;0;0;7.69988;45.6267;48.3219;0.987223;6.27567;1.32335;759.567;0;0.141667;5;0.104167;0.754167;0.0125;0.833333;3962;305174;0.191713;0.0612631;3.12934;94.1136
2;9461;208;233;14;65;67;9;0;0;0;6.89999;57.6787;58.8141;0.993094;8.5238;1.50197;2759.74;0;0.454167;5;0.154167;0.945833;0.0125;0.8875;9461;396280;0.291698;0.0806478;3.61693;368.817
3;10390;387;198;15;65;66;9;0;0;0;7.46494;55.1318;58.206;0.991742;7.79724;1.74485;2941.6;0;0.454167;5;0.15;0.9375;0.0125;0.879167;10390;395351;0.283119;0.0818634;3.45844;365.721
4;30721;554;245;16;90;91;13;0.0463642;0.0198456;0.00155992;10.0254;72.6712;77.2613;0.991545;7.70656;2.21196;11539.1;0;0.35;7;0.195833;1;0.0125;0.8875;30721;1049500;0.375612;0.0656549;5.721;1380.47
5;34852;361;386;16;91;92;13;0.0253546;0.0274064;0.00117247;9.97571;77.4381;80.1342;0.992221;8.03293;2.96213;13646.4;0;0.566667;7;0.204167;1;0.00833333;0.8875;34852;1045369;0.391553;0.0673546;5.8133;1608.66
6;6146;350;153;21;65;67;9;0;0;0;8.2285;53.1105;54.6226;0.988588;6.63822;1.13013;1304.09;0;0.220833;5;0.108333;0.841667;0;0.9375;6146;399595;0.212185;0.085754;2.47435;143.076
