id;size;xpos;ypos;zpos;xsize;ysize;zsize;weightedx;weightedy;weightedz;minaxis;medaxis;majaxis;eccentricity;elongation;orientation;integratedintensty;sigma;seedIntensity;seedScale;minIntensityForeground;maxIntensityForeground;minIntensityBackground;maxIntensityBackground;volumeForeground;volumeBackground;foregroundIntensity;backgroundIntensity;fg/bg ratio;integratedGradientMag
1;3865;162;339;7;62;64;10;0;0;0;7.46915;44.7222;49.4393;0.988522;6.61914;0.761098;774.812;0;0.200837;5;0.108787;0.824268;0.0125523;0.841004;3865;305271;0.200468;0.0580971;3.45057;100.165
2;7304;378;197;12;65;65;9;0;0;0;7.35427;50.8973;51.9721;0.989938;7.06693;0.2077;1818.69;0;0.41841;5;0.125523;0.903766;0;0.949791;7304;398437;0.248998;0.0732979;3.39707;263.479
3;6920;197;247;12;66;64;9;0;0;0;7.71327;49.2284;51.6886;0.988803;6.70125;0.806045;1748.39;0;0.351464;5;0.129707;0.920502;0.0041841;0.841004;6920;398821;0.252658;0.0732109;3.4511;225.525
4;24801;537;237;14;79;79;11;0.0597432;0.026091;0.00117143;8.9302;68.8531;70.6496;0.991979;7.91131;2.62665;9390.2;0;0.200837;6;0.192469;1;0.0083682;0.857741;24801;672424;0.378621;0.0656824;5.76442;1072.35
5;35967;381;389;17;91;92;13;0;0;0;10.3595;77.9037;79.4046;0.991453;7.66493;2.42759;14293.8;0;0.263598;7;0.205021;0.979079;0.0083682;0.899582;35967;1044254;0.397409;0.0641182;6.19807;1627.37
6;7005;393;187;18;65;64;9;0;0;0;8.00815;48.9823;51.7701;0.987964;6.46468;0.405962;1714.78;0;0.443515;5;0.125523;0.949791;0;0.903766;7005;398736;0.244793;0.0810242;3.02124;210.374
7;7200;213;230;18;65;67;10;0;0;0;8.10221;50.1418;51.6822;0.987635;6.37878;0.646633;1740.5;0;0.117155;5;0.125523;0.786611;0.0041841;0.920502;7200;398541;0.241736;0.0812405;2.97556;185.06
8;5717;350;157;21;65;67;10;0;0;0;8.15602;52.5661;54.093;0.988568;6.63228;1.09791;1178.92;0;0.129707;5;0.104603;0.803347;0;0.949791;5717;400024;0.206212;0.0809636;2.54698;119.775
