id;size;xpos;ypos;zpos;xsize;ysize;zsize;weightedx;weightedy;weightedz;minaxis;medaxis;majaxis;eccentricity;elongation;orientation;integratedintensty;sigma;seedIntensity;seedScale;minIntensityForeground;maxIntensityForeground;minIntensityBackground;maxIntensityBackground;volumeForeground;volumeBackground;foregroundIntensity;backgroundIntensity;fg/bg ratio;integratedGradientMag
1;3926;161;340;6;63;66;9;0;0;0;7.23654;47.2334;49.4345;0.989227;6.83124;1.16468;778.522;0;0.530172;5;0.107759;0.892241;0.012931;0.918103;3926;305210;0.198299;0.0634091;3.1273;95.835
2;7512;387;210;10;64;65;10;0;0;0;6.92854;50.2114;54.9854;0.992029;7.93607;0.989966;2052.73;0;0.198276;5;0.142241;0.918103;0.00862069;0.875;7512;378908;0.273259;0.0726779;3.75987;285.199
3;8071;181;261;13;65;67;10;0;0;0;7.51568;49.2159;54.9655;0.990608;7.31345;0.808394;2204.12;0;0.112069;5;0.142241;0.931035;0.00862069;0.931035;8071;397670;0.273092;0.0761442;3.58651;290.507
4;31472;536;284;15;91;90;13;0.0474546;0.0232096;0.00120794;10.22;74.7146;76.8804;0.991125;7.52258;2.56306;11590;0;0.396552;7;0.189655;1;0.00862069;0.896552;31472;1048749;0.368264;0.0645251;5.7073;1382.77
5;7866;414;172;18;66;67;11;0;0;0;7.6888;50.7157;55.9249;0.990504;7.27355;1.10838;1975.72;0;0.107759;5;0.12931;0.875;0.00431034;0.918103;7866;397875;0.251172;0.0819388;3.06537;225.801
6;7774;210;197;18;64;65;10;0;0;0;7.93724;48.3355;56.421;0.990055;7.1084;0.632706;2022.22;0;0.142241;5;0.133621;0.931035;0.00431034;0.931035;7774;397967;0.260127;0.0795564;3.26972;250.839
7;26960;378;362;19;90;92;13;0;0;0;10.8475;73.4419;80.4969;0.990879;7.42078;1.72795;7570.59;0;0.258621;7;0.142241;0.982759;0;0.810345;26960;1053261;0.280809;0.0712763;3.93972;818.582
8;5258;381;134;21;67;67;10;0;0;0;8.13706;51.4293;56.0096;0.989391;6.88327;1.49401;1085.43;0;0.198276;5;0.107759;0.771552;0.00431034;0.875;5258;400483;0.206434;0.0766332;2.6938;97.3598
