id;size;xpos;ypos;zpos;xsize;ysize;zsize;weightedx;weightedy;weightedz;minaxis;medaxis;majaxis;eccentricity;elongation;orientation;integratedintensty;sigma;seedIntensity;seedScale;minIntensityForeground;maxIntensityForeground;minIntensityBackground;maxIntensityBackground;volumeForeground;volumeBackground;foregroundIntensity;backgroundIntensity;fg/bg ratio;integratedGradientMag
1;3237;161;340;6;63;63;9;0;0;0;7.42709;44.9035;46.7995;0.987327;6.30119;0.725228;656.527;0;0.305439;5;0.112971;0.90795;0.0167364;0.983264;3237;305899;0.202819;0.0617005;3.28716;75.1417
2;10011;388;228;10;65;67;9;0;0;0;7.11211;52.4391;55.8309;0.991853;7.85012;1.14165;2883.87;0;0.158996;5;0.150628;0.941423;0.0083682;0.958159;10011;376409;0.288068;0.0724593;3.97558;397.317
3;10000;178;271;14;67;67;10;0;0;0;7.24025;54.8385;56.0404;0.991619;7.74011;1.12288;2847.67;0;0.0711297;5;0.150628;0.983264;0.0125523;0.866109;10000;395741;0.284766;0.0731319;3.89386;334.451
4;9544;427;167;16;65;66;11;0;0;0;8.04152;51.2108;51.7318;0.987844;6.43309;2.58823;2801.53;0;0.384937;5;0.154812;0.958159;0.0125523;0.941423;9544;396197;0.293536;0.0776105;3.78217;340.07
5;9965;222;191;17;66;66;11;0;0;0;7.82768;52.5613;55.0876;0.989853;7.03753;1.03992;2669.96;0;0.364017;5;0.138075;0.941423;0.0083682;0.870293;9965;395776;0.267934;0.0750424;3.57044;309.079
6;24115;533;301;17;79;80;11;0.0605217;0.0335489;0.00200624;9.33909;67.6118;69.6942;0.990981;7.46263;2.31424;8971.99;0;0.1841;6;0.192469;1;0.0083682;0.887029;24115;673110;0.37205;0.068201;5.4552;1016.03
7;4905;394;101;20;63;64;10;0;0;0;8.10048;50.6976;52.6726;0.988104;6.5024;2.02076;1008.05;0;0.179916;5;0.108787;0.861925;0.0083682;0.92887;4905;400836;0.205513;0.0666738;3.08237;100.34
8;6937;377;336;20;66;67;11;0;0;0;8.5302;42.0023;58.3836;0.989269;6.84434;1.89393;2014.54;0;0.527197;5;0.154812;0.941423;0.0167364;0.753138;6937;398804;0.290405;0.0770462;3.76923;215.026
