id;size;xpos;ypos;zpos;xsize;ysize;zsize;weightedx;weightedy;weightedz;minaxis;medaxis;majaxis;eccentricity;elongation;orientation;integratedintensty;sigma;seedIntensity;seedScale;minIntensityForeground;maxIntensityForeground;minIntensityBackground;maxIntensityBackground;volumeForeground;volumeBackground;foregroundIntensity;backgroundIntensity;fg/bg ratio;integratedGradientMag
1;3242;161;340;6;63;64;9;0;0;0;7.204;44.06;46.8133;0.988088;6.49824;0.296587;643.332;0;0.123404;5;0.106383;0.757447;0.00851064;0.919149;3242;305894;0.198437;0.0585118;3.39139;78.7264
2;11570;383;247;9;65;67;11;0;0;0;7.00717;57.5218;57.996;0.992674;8.27666;1.79865;3625.76;0;0.570213;5;0.161702;0.948936;0.00851064;0.965957;11570;355529;0.313375;0.066089;4.74172;466.697
3;12122;437;158;15;65;66;10;0;0;0;7.92264;52.0829;57.6721;0.990519;7.27941;2.17238;4061.68;0;0.378723;5;0.174468;0.974468;0.012766;0.834043;12122;393619;0.335067;0.0699307;4.79141;482.984
4;12926;164;277;16;65;67;11;0;0;0;7.85336;55.6151;58.7187;0.991016;7.47688;1.56177;4270.25;0;0.553191;5;0.170213;0.957447;0.00851064;0.880851;12926;392815;0.330359;0.0701859;4.70692;515.216
5;32332;531;302;16;91;92;13;0;0;0;10.0071;75.6243;78.6154;0.991865;7.85598;2.4339;11687.9;0;0.438298;7;0.182979;0.995745;0;0.846808;32332;1047889;0.361494;0.0597855;6.04652;1426.55
6;12640;227;171;17;66;67;11;0.0532215;0.0386852;0.0042202;7.74394;56.2132;57.6851;0.990948;7.44907;1.67641;4265.2;0;0.229787;5;0.174468;1;0.00851064;0.885106;12640;393101;0.337436;0.0704414;4.79031;512.653
7;4934;402;114;21;65;67;9;0;0;0;7.84662;53.1477;53.2988;0.989104;6.79258;1.10179;1019.45;0;0.0553191;5;0.110638;0.825532;0.012766;0.974468;4934;400807;0.206618;0.0717246;2.88071;91.7705
8;5629;397;338;21;63;65;10;0;0;0;8.10629;47.8748;52.03;0.987789;6.41848;1.87676;1348.35;0;0.289362;5;0.12766;0.919149;0.00851064;0.970213;5629;400112;0.239537;0.0751458;3.18764;141.563
9;5364;352;328;22;62;66;10;0;0;0;8.28104;46.2444;52.0655;0.98727;6.28731;1.44502;1296.19;0;0.123404;5;0.12766;0.970213;0.00851064;0.923404;5364;400377;0.241647;0.0741529;3.25877;128.895
