id;size;xpos;ypos;zpos;xsize;ysize;zsize;weightedx;weightedy;weightedz;minaxis;medaxis;majaxis;eccentricity;elongation;orientation;integratedintensty;sigma;seedIntensity;seedScale;minIntensityForeground;maxIntensityForeground;minIntensityBackground;maxIntensityBackground;volumeForeground;volumeBackground;foregroundIntensity;backgroundIntensity;fg/bg ratio;integratedGradientMag
1;2373;161;341;6;65;64;9;0;0;0;6.6316;41.7058;43.822;0.988483;6.60807;0.439975;521.745;0;0.284519;5;0.121339;0.891213;0.0167364;0.945607;2373;287442;0.219867;0.0650122;3.38193;63.8951
2;12851;383;251;9;66;67;9;0;0;0;7.29696;57.69;58.3466;0.992149;7.99601;2.29858;4295.66;0;0.376569;5;0.175732;0.92887;0.0167364;0.794979;12851;354248;0.334265;0.0672948;4.96718;571.65
3;13681;155;303;14;65;67;11;0;0;0;7.46875;56.1198;59.8503;0.992183;8.01343;1.35986;4987.77;0;0.51046;5;0.188285;0.949791;0.0125523;0.891213;13681;392060;0.364577;0.0691307;5.27373;630.079
4;22553;540;281;16;78;79;11;0.0656778;0.0318508;0.00197615;9.50603;66.2273;68.554;0.990339;7.21163;2.94492;8602.6;0;0.393305;6;0.200837;1;0.0167364;0.941423;22553;674672;0.381439;0.0687095;5.55147;979.691
5;13417;428;144;18;66;67;11;0;0;0;8.05096;54.0658;59.4979;0.990803;7.39015;2.08345;4688.56;0;0.221757;5;0.179916;0.974895;0.0125523;0.811715;13417;392324;0.349448;0.0728799;4.79484;532.621
6;19832;227;151;18;77;78;11;0;0;0;8.79513;64.7059;66.285;0.991158;7.53656;0.183658;6824.15;0;0.58159;6;0.175732;0.966527;0;0.820084;19832;677393;0.344097;0.0639853;5.37775;822.047
7;5900;424;347;20;65;65;10;0;0;0;8.1794;46.0862;51.6831;0.987397;6.31869;1.90873;1448.85;0;0.292887;5;0.133891;0.83682;0.0167364;0.824268;5900;399841;0.245567;0.076427;3.21309;160.061
8;5487;354;334;21;63;65;10;0;0;0;8.20608;46.1426;52.3278;0.987627;6.3767;1.54999;1275.96;0;0.485356;5;0.125523;0.953975;0.0167364;0.820084;5487;400254;0.232543;0.0753725;3.08525;128.606
