id;size;xpos;ypos;zpos;xsize;ysize;zsize;weightedx;weightedy;weightedz;minaxis;medaxis;majaxis;eccentricity;elongation;orientation;integratedintensty;sigma;seedIntensity;seedScale;minIntensityForeground;maxIntensityForeground;minIntensityBackground;maxIntensityBackground;volumeForeground;volumeBackground;foregroundIntensity;backgroundIntensity;fg/bg ratio;integratedGradientMag
1;14001;374;271;9;67;67;11;0.0765135;0.0515335;0.00177023;7.36117;57.9657;59.5394;0.992328;8.08831;1.30165;5084.07;0;0.550847;5;0.186441;1;0.00847458;0.868644;14001;353098;0.363125;0.0646909;5.61322;662.314
2;19447;159;309;12;78;79;11;0;0;0;8.40054;63.9214;67.0093;0.992111;7.97678;1.55603;6791.83;0;0.474576;6;0.177966;0.957627;0.00423729;0.927966;19447;649889;0.34925;0.0588704;5.93253;857.134
3;9203;531;274;17;66;65;11;0;0;0;8.06004;50.4017;58.781;0.990554;7.29289;0.173352;2422.62;0;0.440678;5;0.135593;0.855932;0.00423729;0.834746;9203;396538;0.263242;0.0739625;3.55913;316.93
4;21189;241;141;18;79;80;11;0;0;0;9.08978;65.1285;66.975;0.990747;7.36816;2.85682;7830.44;0;0.694915;6;0.190678;0.983051;0.00847458;0.830508;21189;676036;0.369554;0.0603106;6.12751;993.898
5;7822;433;351;19;67;67;11;0;0;0;7.98676;50.5304;53.1376;0.98864;6.65322;2.03207;2062.73;0;0.135593;5;0.139831;0.927966;0.00847458;0.936441;7822;397919;0.263707;0.0744342;3.54282;236.861
6;18219;424;149;21;79;78;11;0;0;0;9.38244;62.3792;66.9253;0.990124;7.13304;2.24893;5660.22;0;0.478814;6;0.161017;0.966102;0.00847458;0.894068;18219;679006;0.310679;0.0643029;4.8315;662.56
7;7248;347;344;21;65;65;9;0;0;0;8.22314;48.8496;52.8365;0.987815;6.42534;1.57354;1778.78;0;0.322034;5;0.127119;0.95339;0.00423729;0.936441;7248;398493;0.245415;0.0721257;3.40261;198.695
