id;size;xpos;ypos;zpos;xsize;ysize;zsize;weightedx;weightedy;weightedz;minaxis;medaxis;majaxis;eccentricity;elongation;orientation;integratedintensty;sigma;seedIntensity;seedScale;minIntensityForeground;maxIntensityForeground;minIntensityBackground;maxIntensityBackground;volumeForeground;volumeBackground;foregroundIntensity;backgroundIntensity;fg/bg ratio;integratedGradientMag
1;20013;365;290;9;77;78;11;0;0;0;8.2627;66.281;67.9694;0.992583;8.22605;1.33913;6739.75;0;0.462185;6;0.172269;0.991597;0;0.928571;20013;565656;0.336768;0.0584839;5.7583;924.518
2;21504;162;301;11;79;80;11;0;0;0;8.64103;65.713;68.0172;0.991897;7.87142;1.58458;7561.05;0;0.642857;6;0.176471;0.970588;0;0.886555;21504;619943;0.35161;0.0542286;6.48383;972.431
3;7248;533;288;15;65;62;10;0;0;0;7.94371;42.0125;57.4431;0.990392;7.23127;2.87513;2426.84;0;0.260504;5;0.172269;0.970588;0.00840336;0.869748;7248;398493;0.33483;0.0662072;5.05731;474.496
4;21703;248;139;17;79;79;11;0.0323384;0.0189358;0.00209031;9.11672;63.7216;68.479;0.991098;7.51137;2.48641;8132.75;0;0.731092;6;0.193277;1;0.00840336;0.831933;21703;675522;0.374729;0.0546495;6.85695;951.13
5;9744;438;360;19;67;66;10;0;0;0;7.89373;50.4881;56.8136;0.990301;7.19731;3.0089;2698.71;0;0.365546;5;0.142857;0.928571;0.00420168;0.991597;9744;395997;0.276961;0.0679273;4.07732;341.327
6;19080;415;149;22;79;79;11;0;0;0;9.42201;63.6241;67.1015;0.990093;7.12179;2.12139;5979.54;0;0.147059;6;0.159664;0.978992;0.00420168;0.87395;19080;678145;0.313392;0.0588726;5.32322;669.046
7;9361;327;344;23;64;65;11;0;0;0;8.31366;52.4055;55.1121;0.988557;6.6291;0.661679;2375.91;0;0.0840336;5;0.130252;0.840336;0;0.831933;9361;396380;0.25381;0.0644336;3.9391;267.582
