id;size;xpos;ypos;zpos;xsize;ysize;zsize;weightedx;weightedy;weightedz;minaxis;medaxis;majaxis;eccentricity;elongation;orientation;integratedintensty;sigma;seedIntensity;seedScale;minIntensityForeground;maxIntensityForeground;minIntensityBackground;maxIntensityBackground;volumeForeground;volumeBackground;foregroundIntensity;backgroundIntensity;fg/bg ratio;integratedGradientMag
1;20714;358;308;10;77;79;11;0;0;0;8.3543;67.3081;68.9511;0.992633;8.25337;1.34938;7452.45;0;0.32766;6;0.187234;0.995745;0.00851064;0.944681;20714;592844;0.359772;0.0591523;6.08213;953.366
2;21856;169;310;12;79;79;11;0;0;0;8.74888;66.0936;69.494;0.992044;7.94319;1.30244;8009.48;0;0.280851;6;0.187234;0.965957;0;0.931915;21856;647480;0.366458;0.0551341;6.64667;1003.93
3;5366;525;254;14;65;65;9;0;0;0;7.55795;46.5751;50.666;0.988811;6.70367;2.82929;1418.78;0;0.476596;5;0.13617;0.961702;0.00425532;1;5366;400375;0.264402;0.0664252;3.98046;221.646
4;22409;258;142;16;80;79;11;0;0;0;8.87349;65.6722;70.188;0.991976;7.90986;2.72942;8714.06;0;0.387234;6;0.2;0.978723;0.00851064;0.86383;22409;674816;0.388863;0.0558315;6.96493;1028.32
5;5693;547;311;17;65;66;9;0.351754;0.199714;0.010952;8.11711;46.0046;49.6499;0.986546;6.1167;2.72416;1552.22;0;0.651064;5;0.140426;1;0.00425532;0.961702;5693;400048;0.272654;0.0676754;4.02885;223.591
6;11581;450;354;18;67;67;11;0;0;0;7.85675;53.6209;57.0091;0.990458;7.25607;3.079;3737.81;0;0.506383;5;0.165957;0.944681;0.00851064;0.846808;11581;394160;0.322754;0.0684264;4.71681;452.963
7;18649;413;162;22;77;79;11;0;0;0;9.44659;64.5869;67.9482;0.990289;7.19287;1.83377;6070.55;0;0.153191;6;0.170213;0.961702;0.00851064;0.897872;18649;678576;0.32551;0.0608698;5.34764;674.405
8;10115;308;343;24;67;67;11;0;0;0;8.28144;54.2088;55.7453;0.988904;6.73135;1.0151;2862.81;0;0.148936;5;0.144681;0.931915;0.00425532;0.948936;10115;395626;0.283025;0.0657911;4.30188;323.527
