id;size;xpos;ypos;zpos;xsize;ysize;zsize;weightedx;weightedy;weightedz;minaxis;medaxis;majaxis;eccentricity;elongation;orientation;integratedintensty;sigma;seedIntensity;seedScale;minIntensityForeground;maxIntensityForeground;minIntensityBackground;maxIntensityBackground;volumeForeground;volumeBackground;foregroundIntensity;backgroundIntensity;fg/bg ratio;integratedGradientMag
1;22299;357;323;9;78;80;11;0;0;0;8.33125;68.521;70.7724;0.993047;8.49481;1.8013;7517.81;0;0.33195;6;0.170124;0.970954;0;0.883817;22299;563370;0.33713;0.060285;5.59227;982.488
2;23182;159;323;13;79;79;11;0;0;0;9.33723;65.3984;68.3895;0.990636;7.32439;1.5019;8566.85;0;0.298755;6;0.190871;0.979253;0.00829876;0.917012;23182;674043;0.369542;0.057161;6.46493;997.218
3;6887;518;240;14;66;66;11;0;0;0;8.04167;45.1934;54.1935;0.988929;6.73908;2.64356;1789.46;0;0.53527;5;0.136929;0.900415;0.00829876;0.825726;6887;398854;0.259838;0.0664038;3.91299;234.223
4;23223;245;141;16;79;79;11;0.113845;0.0620368;0.00800475;9.07603;65.6855;69.7838;0.991506;7.6888;2.44005;8994.66;0;0.377593;6;0.19917;1;0.00829876;0.875519;23223;674002;0.387312;0.0578291;6.69753;1039.26
5;6831;544;311;18;65;66;11;0;0;0;8.06582;47.7651;53.1976;0.988439;6.59544;2.45169;1616.89;0;0.0622407;5;0.124481;0.879668;0.00829876;0.925311;6831;398910;0.236703;0.070932;3.33705;188.066
6;13105;461;350;18;67;67;10;0;0;0;7.89523;56.4348;57.7506;0.990611;7.31462;2.93844;4229.59;0;0.257261;5;0.161826;0.958506;0;0.879668;13105;392636;0.322769;0.0681115;4.73883;490.14
7;20603;427;161;22;78;80;11;0;0;0;9.52676;65.7482;68.9903;0.99042;7.24174;1.55932;6479.85;0;0.356846;6;0.161826;0.991701;0.00829876;0.879668;20603;676622;0.314509;0.0634651;4.95562;702.553
8;10515;310;324;23;67;67;10;0;0;0;8.40923;55.6169;56.8036;0.988981;6.75491;1.04712;2868.95;0;0.0456432;5;0.141079;0.987552;0.00829876;0.917012;10515;395226;0.272862;0.068515;3.98251;291.756
