id;size;xpos;ypos;zpos;xsize;ysize;zsize;weightedx;weightedy;weightedz;minaxis;medaxis;majaxis;eccentricity;elongation;orientation;integratedintensty;sigma;seedIntensity;seedScale;minIntensityForeground;maxIntensityForeground;minIntensityBackground;maxIntensityBackground;volumeForeground;volumeBackground;foregroundIntensity;backgroundIntensity;fg/bg ratio;integratedGradientMag
1;2753;160;340;6;63;63;9;0;0;0;7.2262;41.3515;42.5189;0.985452;5.884;0.93345;567.707;0;0.179916;5;0.108787;0.786611;0.0083682;0.966527;2753;287062;0.206214;0.0635074;3.24708;76.7757
2;21760;360;343;10;79;79;11;0.0447914;0.0408467;0.00114523;8.46818;68.4382;69.9017;0.992635;8.25463;1.28355;7858.65;0;0.292887;6;0.188285;1;0.0083682;0.857741;21760;591798;0.361154;0.0577609;6.25257;950.854
3;8379;516;238;12;65;66;10;0;0;0;7.5782;49.2673;54.8463;0.990408;7.23739;2.35222;2262.14;0;0.238494;5;0.142259;0.899582;0.0083682;0.90795;8379;397362;0.269977;0.0611503;4.41497;270.28
4;23932;255;148;14;79;80;11;0;0;0;9.09201;67.2212;69.5076;0.991408;7.64492;2.40538;9194.25;0;0.468619;6;0.196653;0.979079;0.0041841;0.83682;23932;673293;0.384184;0.0533771;7.19753;1102.07
5;23531;162;310;14;78;80;11;0;0;0;9.25311;66.3689;69.1779;0.991014;7.47617;1.57404;8565.64;0;0.150628;6;0.1841;0.970711;0.0041841;0.966527;23531;673694;0.364014;0.0540864;6.73023;1023.62
6;8006;550;310;19;63;66;10;0;0;0;7.94385;49.2916;51.7335;0.98814;6.51239;2.60751;2131.78;0;0.305439;5;0.138075;0.962343;0.0041841;0.92887;8006;397735;0.266273;0.0705612;3.77365;259.288
7;13087;481;347;19;67;67;11;0;0;0;8.02248;56.9789;58.1591;0.990441;7.24951;0.308009;4199.59;0;0.364017;5;0.16318;0.92887;0.0041841;0.962343;13087;392654;0.320897;0.0662346;4.84486;476.641
8;20914;438;158;21;78;79;11;0;0;0;9.36625;66.0693;68.8519;0.990704;7.35107;1.66727;6712.2;0;0.48954;6;0.16318;0.991632;0.0041841;0.887029;20914;676311;0.320942;0.0597405;5.37226;794.279
9;15383;302;310;23;79;79;11;0;0;0;9.49495;63.9673;64.5122;0.98911;6.79437;0.777627;4106.49;0;0.405858;6;0.138075;0.920502;0.0041841;0.953975;15383;681842;0.266951;0.0642149;4.15715;457.579
