id;size;xpos;ypos;zpos;xsize;ysize;zsize;weightedx;weightedy;weightedz;minaxis;medaxis;majaxis;eccentricity;elongation;orientation;integratedintensty;sigma;seedIntensity;seedScale;minIntensityForeground;maxIntensityForeground;minIntensityBackground;maxIntensityBackground;volumeForeground;volumeBackground;foregroundIntensity;backgroundIntensity;fg/bg ratio;integratedGradientMag
1;2367;161;340;6;61;62;9;0;0;0;6.71237;40.1016;42.8202;0.987637;6.3793;1.35151;529.258;0;0.391667;5;0.120833;0.904167;0.0125;0.954167;2367;287448;0.223599;0.0648442;3.44825;74.1005
2;22965;362;351;10;79;79;11;0;0;0;8.60588;68.4382;70.4496;0.992511;8.18621;1.79319;8360.48;0;0.2125;6;0.1875;0.983333;0.00833333;0.870833;22965;590593;0.364055;0.0613924;5.92996;994.476
3;10587;514;247;12;67;67;10;0;0;0;7.45543;52.0815;56.6182;0.991292;7.59422;2.42778;3102.42;0;0.391667;5;0.154167;0.945833;0.0125;0.833333;10587;395154;0.293042;0.0633847;4.62323;415.874
4;24504;264;141;14;79;80;11;0.0532671;0.0316079;0.00331624;9.21925;66.5887;69.4272;0.991144;7.53068;2.63997;9649.49;0;0.4;6;0.204167;1;0.00833333;0.9125;24504;672721;0.393792;0.0576418;6.83171;1124.06
5;23206;162;307;15;76;79;11;0;0;0;9.1202;66.7842;69.4122;0.991331;7.61081;1.47231;8629.53;0;0.4375;6;0.191667;0.991667;0.00833333;0.904167;23206;674019;0.371867;0.0588532;6.31856;1009.01
6;17514;478;351;19;78;79;11;0;0;0;9.05691;62.7484;64.7112;0.990157;7.14495;0.0245245;5443.45;0;0.325;6;0.1625;0.941667;0.00833333;0.933333;17514;679711;0.310805;0.0657049;4.73031;641.883
7;9463;554;321;21;67;67;10;0;0;0;7.99063;51.5858;53.4172;0.988748;6.68498;2.55027;2780.66;0;0.429167;5;0.154167;0.929167;0.00833333;0.945833;9463;396278;0.293846;0.0720943;4.07585;342.648
8;28660;445;162;22;90;92;13;0;0;0;10.8315;73.5988;76.0725;0.989812;7.02328;1.39589;8635.81;0;0.379167;7;0.154167;0.983333;0.00416667;0.9125;28660;1014312;0.301318;0.0606229;4.97038;992.848
9;17133;304;301;23;79;79;11;0;0;0;9.50739;65.2483;66.276;0.989657;6.97099;1.83081;4648.08;0;0.125;6;0.1375;0.891667;0;0.983333;17133;680092;0.271293;0.0686577;3.95138;489.819
