id;size;xpos;ypos;zpos;xsize;ysize;zsize;weightedx;weightedy;weightedz;minaxis;medaxis;majaxis;eccentricity;elongation;orientation;integratedintensty;sigma;seedIntensity;seedScale;minIntensityForeground;maxIntensityForeground;minIntensityBackground;maxIntensityBackground;volumeForeground;volumeBackground;foregroundIntensity;backgroundIntensity;fg/bg ratio;integratedGradientMag
1;2425;162;340;6;61;65;9;0;0;0;6.66174;39.7686;43.427;0.988164;6.51887;0.982374;548.629;0;0.395833;5;0.125;0.85;0.0166667;0.945833;2425;287390;0.226239;0.0673635;3.35848;70.9028
2;11094;506;248;10;66;66;10;0;0;0;7.0844;53.643;57.9536;0.9925;8.18045;2.34719;3515.12;0;0.0583333;5;0.166667;0.9;0.0125;0.891667;11094;375326;0.31685;0.0643916;4.92066;466.136
3;23806;351;357;10;80;79;11;0;0;0;8.71478;69.5315;70.9432;0.992426;8.14057;1.99459;8802.51;0;0.633333;6;0.191667;0.9875;0.0125;0.908333;23806;589752;0.369761;0.0656459;5.63265;1053.45
4;30606;271;139;13;90;91;13;0;0;0;9.88503;74.5296;75.9589;0.991496;7.68423;3.00019;11857.4;0;0.216667;7;0.204167;0.995833;0.0166667;0.820833;30606;975117;0.387418;0.058021;6.67721;1429.04
5;24273;158;304;15;79;80;11;0.0163754;0.0323111;0.00175843;9.16604;68.3292;69.8722;0.991358;7.62294;1.55507;9099.04;0;0.370833;6;0.191667;1;0.0125;0.85;24273;672952;0.374864;0.063227;5.92885;1046.12
6;18237;480;351;19;78;79;11;0;0;0;9.10819;63.5762;66.4809;0.99057;7.29902;0.0743093;5750.27;0;0.233333;6;0.166667;0.95;0.0125;0.841667;18237;678988;0.315307;0.0674511;4.6746;692.324
7;10782;577;316;20;67;66;10;0;0;0;7.67925;53.1038;55.7991;0.990485;7.26622;2.36833;3475.87;0;0.1;5;0.170833;0.991667;0.0125;0.858333;10782;394959;0.322378;0.0672077;4.79674;424.346
8;27959;454;156;22;91;91;13;0;0;0;10.65;74.4108;75.0567;0.989882;7.0476;1.12822;9018.54;0;0.354167;7;0.170833;0.945833;0.0125;0.870833;27959;1015013;0.322562;0.0640211;5.03837;975.466
9;18156;309;294;23;79;80;11;0;0;0;9.61144;65.2063;65.9032;0.989308;6.85674;1.99184;4966.68;0;0.0708333;6;0.1375;0.908333;0;0.9875;18156;679069;0.273555;0.0730259;3.74601;536.885
