id;size;xpos;ypos;zpos;xsize;ysize;zsize;weightedx;weightedy;weightedz;minaxis;medaxis;majaxis;eccentricity;elongation;orientation;integratedintensty;sigma;seedIntensity;seedScale;minIntensityForeground;maxIntensityForeground;minIntensityBackground;maxIntensityBackground;volumeForeground;volumeBackground;foregroundIntensity;backgroundIntensity;fg/bg ratio;integratedGradientMag
1;2710;160;341;6;64;63;9;0;0;0;6.88994;42.979;45.5775;0.988508;6.61508;1.04311;577.509;0;0.25;5;0.116379;0.883621;0.012931;0.913793;2710;306426;0.213103;0.0608744;3.50069;80.3866
2;12007;498;253;9;66;67;10;0.12389;0.0605628;0.00251298;7.09815;56.38;57.7378;0.992414;8.13421;2.22081;3979.34;0;0.228448;5;0.172414;1;0.00862069;0.853448;12007;355092;0.331418;0.0620167;5.34401;540.473
3;20240;325;358;10;77;79;11;0;0;0;9.00367;65.2767;70.1301;0.991724;7.78906;1.91702;6055.94;0;0.5;6;0.150862;0.948276;0;0.935345;20240;593318;0.299208;0.0667063;4.48545;766.4
4;19255;281;142;12;78;80;11;0;0;0;8.93404;68.1081;70.3975;0.991914;7.87969;2.18906;5912.44;0;0.0818966;6;0.159483;0.931035;0.00862069;0.931035;19255;650081;0.307059;0.0630682;4.86869;695.307
5;16661;145;284;16;79;79;11;0.0249474;0.0560834;0.00328765;8.92681;64.8496;70.5263;0.991957;7.90051;2.4864;5170.87;0;0.150862;6;0.163793;1;0.012931;0.913793;16661;680564;0.310357;0.0649592;4.77773;609.402
6;11569;576;316;19;65;67;10;0;0;0;7.61625;54.1117;55.7412;0.990621;7.31872;2.40857;3958.02;0;0.465517;5;0.176724;0.939655;0.00862069;0.965517;11569;394172;0.342123;0.0637164;5.36946;523.15
7;18661;477;351;20;76;79;11;0;0;0;9.17726;65.2994;65.7887;0.990223;7.16867;2.46568;5918.03;0;0.689655;6;0.163793;0.987069;0.00862069;0.991379;18661;678564;0.317133;0.0661359;4.79517;731.239
8;24257;461;154;22;91;91;13;0;0;0;10.643;74.5534;77.9181;0.990627;7.32107;2.70081;7016.52;0;0.353448;7;0.150862;0.99569;0.00862069;1;24257;1018715;0.28926;0.0626219;4.61915;806.089
9;17612;314;298;22;79;79;11;0;0;0;9.37973;65.8975;66.6124;0.990037;7.10174;2.42899;5055.32;0;0.0689655;6;0.146552;0.939655;0;0.948276;17612;679613;0.287039;0.0739521;3.88142;542.871
