id;size;xpos;ypos;zpos;xsize;ysize;zsize;weightedx;weightedy;weightedz;minaxis;medaxis;majaxis;eccentricity;elongation;orientation;integratedintensty;sigma;seedIntensity;seedScale;minIntensityForeground;maxIntensityForeground;minIntensityBackground;maxIntensityBackground;volumeForeground;volumeBackground;foregroundIntensity;backgroundIntensity;fg/bg ratio;integratedGradientMag
1;4861;292;136;1;54;50;5;5.13769;2.34133;0.00852348;3.94331;46.3139;48.0832;0.996632;12.1936;2.54771;1525.2;0;0.231076;5;0.159363;1;0;1;4861;91744;0.313762;0.0468911;6.6913;381.368
2;12320;298;173;1;66;79;5;6.63682;3.9672;0.0180155;4.59581;64.4886;77.2686;0.99823;16.8128;1.5771;4218.59;0;0.430279;7;0.175299;1;0;1;12320;173925;0.342417;0.0302513;11.3191;1028.44
3;9229;219;275;1;73;67;5;6.41573;7.82634;0.019497;3.80475;59.5834;69.5885;0.998504;18.2899;2.70626;4103.2;0;0.868526;6;0.227092;1;0;1;9229;130216;0.444596;0.042596;10.4375;893.612
4;4199;490;301;1;45;56;4;41.8079;25.6774;0.0612838;3.69547;41.4724;54.0801;0.997663;14.6342;1.68687;2186.55;0;1;5;0.266932;1;0;1;4199;64606;0.520731;0.0309009;16.8516;549.879
5;8835;357;313;1;69;58;5;0;0;0;4.65283;48.8152;63.4331;0.997306;13.6332;3.13462;3365.86;0;0.466135;6;0.195219;0.749004;0;0.721116;8835;130610;0.380969;0.0290988;13.0923;602.273
6;8823;274;361;1;69;71;5;0;0;0;3.97697;57.3907;62.0088;0.997941;15.592;0.811193;3356.18;0;0.414343;6;0.195219;0.721116;0;1;8823;130622;0.38039;0.0542279;7.01466;559.478
7;6735;432;420;1;62;46;5;0;0;0;3.99424;44.6419;58.0814;0.997633;14.5413;3.13355;3005.95;0;0.693227;5;0.227092;0.932271;0;1;6735;62765;0.446317;0.0319408;13.9733;469.547
8;632;221;438;1;38;14;3;0.815285;1.68441;0;2.74644;12.4378;32.9523;0.996521;11.9982;0.0654325;260.032;0;0.314741;5;0.207171;1;0;0.685259;632;50103;0.411443;0.0281844;14.5982;75.4964
9;1538;353;435;1;46;21;4;44.0334;54.4212;0.0538965;3.68565;19.25;40.7547;0.995902;11.0577;3.10881;983.367;0;0.61753;5;0.322709;1;0;0.808765;1538;49197;0.63938;0.0484404;13.1993;197.583
