id;size;xpos;ypos;zpos;xsize;ysize;zsize;weightedx;weightedy;weightedz;minaxis;medaxis;majaxis;eccentricity;elongation;orientation;integratedintensty;sigma;seedIntensity;seedScale;minIntensityForeground;maxIntensityForeground;minIntensityBackground;maxIntensityBackground;volumeForeground;volumeBackground;foregroundIntensity;backgroundIntensity;fg/bg ratio;integratedGradientMag
1;1207;339;8;1;53;23;5;36.2454;1.24607;0.101424;4.22952;20.1614;48.8649;0.996247;11.5533;0.00496245;621.155;0;0.713147;5;0.262948;1;0;1;1207;46748;0.514627;0.0204844;25.1229;151.383
2;14751;298;161;1;68;94;5;8.52856;4.89221;0.0180972;5.01549;59.5648;91.2949;0.99849;18.2026;1.44172;5028.4;0;0.326693;8;0.175299;1;0;1;14751;225054;0.340882;0.0199167;17.1154;1198.04
3;11037;200;275;1;89;65;5;4.52016;6.10325;0.0174204;4.19989;56.4517;81.8318;0.998682;19.4843;2.93051;4592.31;0;0.0956175;7;0.211155;1;0;1;11037;175208;0.416084;0.0328882;12.6515;1116.74
4;4449;492;291;1;44;57;4;39.9806;23.7374;0.0404468;3.76135;41.3382;55.5338;0.997704;14.7643;1.7927;2249.87;0;1;5;0.258964;1;0;1;4449;61576;0.505702;0.0283072;17.8647;544.211
5;8848;359;311;1;67;61;5;0;0;0;4.43947;51.9685;63.1608;0.997527;14.2271;3.00616;3301.16;0;0.410359;6;0.187251;0.760956;0;1;8848;130597;0.373097;0.0283475;13.1615;592.608
6;7676;274;363;1;70;72;5;6.77845;8.85894;0.00931371;3.79805;58.9393;59.8101;0.997982;15.7476;1.5445;3113.69;0;0.438247;6;0.207171;1;0;1;7676;131769;0.405639;0.050722;7.9973;644.377
7;7044;433;414;1;56;57;5;0;0;0;4.16076;46.939;55.2223;0.997157;13.2722;1.17234;2999.93;0;0.442231;5;0.215139;0.864542;0;1;7044;64541;0.425883;0.0561129;7.58976;477.729
8;4166;363;427;1;57;37;4;42.3115;50.2205;0.0676471;3.80062;36.7281;53.6292;0.997486;14.1107;2.83113;2616.52;0;0.721116;5;0.318725;1;0;1;4166;53519;0.628065;0.0725529;8.65665;525.647
9;586;223;438;1;31;13;3;0;0;0;3.0472;12.5865;26.1438;0.993184;8.57961;0.0241928;239.733;0;0.38247;5;0.207171;0.880478;0;1;586;50149;0.409101;0.0289232;14.1444;55.767
