id;size;xpos;ypos;zpos;xsize;ysize;zsize;weightedx;weightedy;weightedz;minaxis;medaxis;majaxis;eccentricity;elongation;orientation;integratedintensty;sigma;seedIntensity;seedScale;minIntensityForeground;maxIntensityForeground;minIntensityBackground;maxIntensityBackground;volumeForeground;volumeBackground;foregroundIntensity;backgroundIntensity;fg/bg ratio;integratedGradientMag
1;448;341;5;1;35;12;4;108.467;2.19596;0.180681;3.56499;11.8763;26.5332;0.990933;7.44271;3.13317;287.801;0;0.370518;5;0.326693;1;0;0.322709;448;47507;0.642413;0.0121145;53.0284;75.5755
2;10317;296;151;1;65;88;5;7.34329;3.5891;0.018554;3.84986;58.3016;84.4569;0.99896;21.9376;1.541;3179.91;0;0.63745;7;0.159363;1;0;1;10317;175928;0.308221;0.0144111;21.3877;801.623
3;5682;209;274;1;64;60;4;3.70296;4.80334;0.0149472;3.48701;51.4242;57.3354;0.998149;16.4426;3.09196;2274.67;0;0.394422;5;0.203187;1;0;1;5682;90923;0.400329;0.0292365;13.6928;567.502
4;3632;491;292;1;44;53;4;26.3678;15.8066;0.0104027;3.14578;40.8741;53.1056;0.998244;16.8816;1.86812;1634.19;0;0.525896;5;0.231076;1;0;1;3632;65173;0.449944;0.023424;19.2086;426.361
5;5118;379;310;1;60;55;4;0;0;0;3.12886;48.484;56.7381;0.998478;18.1338;0.111159;1798.96;0;0.541833;5;0.179283;0.772908;0;0.573705;5118;91487;0.351499;0.0167178;21.0254;373.522
6;4551;273;355;1;61;59;4;1.34674;1.76693;0;3.10464;46.912;56.9704;0.998514;18.3501;3.07265;1799.16;0;0.549801;5;0.203187;1;0;1;4551;92054;0.395334;0.0259861;15.2133;403.752
7;4482;428;425;1;56;42;4;0;0;0;3.46809;41.3364;50.4218;0.997632;14.5388;2.85358;2010.63;0;0.609562;5;0.227092;0.856574;0;1;4482;60153;0.448602;0.0343898;13.0446;340.461
8;2306;362;430;1;56;33;3;24.2816;29.0665;0.0105977;2.68454;32.3292;49.2561;0.998514;18.3481;3.05593;1321.04;0;0.338645;5;0.294821;1;0;0.988048;2306;50514;0.57287;0.0458481;12.495;281.642
9;497;226;437;0;34;16;2;0;0;0;2.14019;14.4637;29.2758;0.997324;13.6791;0.13324;161.207;0;0.366534;5;0.163347;0.804781;0;1;497;50238;0.32436;0.0179688;18.0513;43.0164
