id;size;xpos;ypos;zpos;xsize;ysize;zsize;weightedx;weightedy;weightedz;minaxis;medaxis;majaxis;eccentricity;elongation;orientation;integratedintensty;sigma;seedIntensity;seedScale;minIntensityForeground;maxIntensityForeground;minIntensityBackground;maxIntensityBackground;volumeForeground;volumeBackground;foregroundIntensity;backgroundIntensity;fg/bg ratio;integratedGradientMag
1;12910;298;152;1;68;92;5;12.6543;6.00134;0.0324323;4.52268;61.1345;84.902;0.99858;18.7725;1.43156;4409.18;0;0.103586;7;0.175299;1;0;1;12910;173335;0.341532;0.0163374;20.9049;1087.46
2;8584;204;276;1;76;64;5;5.12401;7.10759;0.0111404;3.88087;53.6229;70.6204;0.998489;18.1971;3.00715;3411;0;0.422311;6;0.203187;1;0;1;8584;130861;0.397367;0.0360186;11.0323;821.613
3;4684;493;296;1;42;59;5;25.917;15.9076;0.039785;3.99884;38.6563;57.0027;0.997536;14.2548;1.58906;2186.75;0;0.517928;5;0.239044;1;0;1;4684;61341;0.466856;0.0234243;19.9304;519.974
4;8613;362;313;1;72;57;5;0;0;0;4.02092;51.8648;65.8036;0.998131;16.3653;3.03917;3144.67;0;0.398406;6;0.187251;0.741036;0;1;8613;130832;0.365107;0.0242985;15.0259;584.58
5;6909;271;363;1;66;68;4;1.92683;2.48235;0.0034334;3.40998;57.2607;64.3745;0.998596;18.8782;0.964024;2912.56;0;0.609562;6;0.215139;1;0;1;6909;132536;0.421558;0.0426528;9.88349;628.632
6;6976;433;416;1;59;56;5;0;0;0;4.21252;49.1287;51.4767;0.996646;12.2199;0.672035;3130.98;0;0.494024;5;0.227092;0.928287;0;1;6976;64609;0.44882;0.0462188;9.71076;478.249
7;3121;362;429;1;56;34;4;39.7208;47.3034;0.0446851;3.57001;33.3364;49.3611;0.997381;13.8266;3.0467;1879.82;0;0.689243;5;0.306773;1;0;1;3121;52479;0.602313;0.058392;10.315;396.582
8;237;233;440;1;25;7;3;0;0;0;2.92969;6.26466;23.1696;0.991974;7.90857;3.13085;63.0518;0;0.398406;5;0.135458;0.681275;0;1;237;50498;0.266041;0.0347102;7.66464;23.9995
9;442;344;4;2;37;10;5;139.515;1.91298;0.836929;4.63877;9.78385;18.7714;0.968985;4.04663;3.08712;317.829;0;0.780877;5;0.366534;1;0;0.36255;442;47513;0.71907;0.0122076;58.9035;78.4144
