id;size;xpos;ypos;zpos;xsize;ysize;zsize;weightedx;weightedy;weightedz;minaxis;medaxis;majaxis;eccentricity;elongation;orientation;integratedintensty;sigma;seedIntensity;seedScale;minIntensityForeground;maxIntensityForeground;minIntensityBackground;maxIntensityBackground;volumeForeground;volumeBackground;foregroundIntensity;backgroundIntensity;fg/bg ratio;integratedGradientMag
1;11491;296;149;1;69;90;5;18.2753;8.6974;0.0521169;4.58381;58.9315;84.3431;0.998522;18.4002;1.39671;4413.16;0;0.442231;7;0.199203;1;0;1;11491;174754;0.384053;0.0184503;20.8155;1053.73
2;9434;215;275;1;71;65;5;4.68624;5.9171;0.0170399;4.47411;56.3158;64.2899;0.997576;14.3693;3.1316;3755.89;0;0.494024;6;0.203187;1;0;1;9434;130011;0.398123;0.0395476;10.0669;889.897
3;4631;493;293;1;43;60;5;26.2176;15.6136;0.0483098;3.81713;39.1834;57.4706;0.997792;15.056;1.64847;2194.17;0;0.386454;5;0.243028;1;0;1;4631;61394;0.4738;0.0253182;18.7138;563.87
4;9012;365;310;1;74;61;5;0;0;0;3.86318;54.4972;67.7725;0.998374;17.5432;3.00358;3389.24;0;0.378486;6;0.191235;0.816733;0;1;9012;130433;0.37608;0.029738;12.6465;628.547
5;7220;275;359;1;67;65;5;3.44928;4.46879;0.00666938;3.87672;54.9679;64.9008;0.998214;16.7412;0.689947;3298.66;0;0.258964;6;0.23506;1;0;1;7220;132225;0.456877;0.0574185;7.95696;721.074
6;11298;434;413;1;64;65;5;0;0;0;4.82423;55.3653;65.8285;0.997311;13.6454;1.79479;5479.04;0;0.338645;6;0.247012;0.932271;0;1;11298;86502;0.484957;0.059127;8.20197;783.823
7;4111;360;427;1;54;37;4;43.1077;51.0411;0.0743037;3.84454;38.0891;50.1198;0.997054;13.0366;3.08582;2503.24;0;0.426295;5;0.310757;1;0;1;4111;53574;0.608912;0.0682261;8.9249;491.388
8;527;228;438;1;35;11;3;0;0;0;2.93325;11.0814;28.5826;0.99472;9.74434;0.0267489;226.94;0;0.38247;5;0.219124;0.928287;0;1;527;50208;0.430627;0.0297924;14.4543;57.0025
9;111;342;1;2;36;4;4;126.83;0.190855;0.572565;3.42184;3.93489;18.9738;0.983603;5.54491;3.07327;78.5936;0;0.940239;5;0.358566;1;0;0.354582;111;47844;0.708051;0.0120095;58.9577;28.4155
