id;size;xpos;ypos;zpos;xsize;ysize;zsize;weightedx;weightedy;weightedz;minaxis;medaxis;majaxis;eccentricity;elongation;orientation;integratedintensty;sigma;seedIntensity;seedScale;minIntensityForeground;maxIntensityForeground;minIntensityBackground;maxIntensityBackground;volumeForeground;volumeBackground;foregroundIntensity;backgroundIntensity;fg/bg ratio;integratedGradientMag
1;412;337;2;1;48;5;4;15.6335;0.0227232;0.0908926;3.31409;5.44762;41.5536;0.996815;12.5385;0.00538324;132.024;0;0.358566;5;0.163347;1;0;0.159363;412;47543;0.320446;0.0076738;41.7585;60.3193
2;8725;293;143;1;69;86;5;18.6099;8.7924;0.0346221;3.7973;57.3025;80.2191;0.998879;21.1253;1.4126;3090.51;0;0.195219;7;0.183267;1;0;1;8725;177520;0.354214;0.0156534;22.6286;751.789
3;7468;202;276;1;75;61;4;1.04221;1.43122;0.00275614;3.4625;53.4178;71.2082;0.998817;20.5656;3.1208;2539.78;0;0.390438;6;0.175299;1;0;1;7468;131977;0.340089;0.0273769;12.4225;647.392
4;3807;494;290;1;42;57;4;7.07195;4.045;0.00647615;3.21692;36.8584;58.238;0.998473;18.1036;1.82685;1544.13;0;0.390438;5;0.207171;1;0;1;3807;60133;0.405601;0.0193414;20.9706;375.811
5;4920;383;308;1;63;53;4;0;0;0;2.98123;46.8288;60.2853;0.998776;20.2216;3.10419;1775.57;0;0.613546;5;0.183267;0.733068;0;0.677291;4920;91685;0.36089;0.0179196;20.1394;390.234
6;3958;270;360;0;59;54;3;0.850409;1.09829;0;2.53832;48.2462;57.6817;0.999031;22.7244;0.203766;1629.8;0;0.346614;5;0.211155;1;0;1;3958;92647;0.411775;0.0236093;17.4412;375.433
7;2214;360;432;1;53;31;3;24.5088;29.5252;0.0195588;2.95482;28.7355;46.9727;0.99802;15.897;3.05243;1175.94;0;0.370518;5;0.270916;1;0;0.976096;2214;48521;0.53114;0.0380612;13.9549;275.158
8;6852;437;422;1;72;48;5;0;0;0;3.63545;49.8762;62.3241;0.998297;17.1435;0.0508376;3052.06;0;0.501992;7;0.227092;0.89243;0;1;6852;77648;0.445424;0.0351189;12.6833;542.617
