id;size;xpos;ypos;zpos;xsize;ysize;zsize;weightedx;weightedy;weightedz;minaxis;medaxis;majaxis;eccentricity;elongation;orientation;integratedintensty;sigma;seedIntensity;seedScale;minIntensityForeground;maxIntensityForeground;minIntensityBackground;maxIntensityBackground;volumeForeground;volumeBackground;foregroundIntensity;backgroundIntensity;fg/bg ratio;integratedGradientMag
1;8702;294;141;1;67;79;5;24.3882;11.8164;0.0955196;5.20204;54.389;66.979;0.996979;12.8755;1.33125;3643.23;0;0.553785;6;0.215139;1;0;1;8702;130743;0.418664;0.0242798;17.2433;785.434
2;6114;197;274;1;55;59;5;2.27676;2.85497;0;4.21284;46.0908;52.1455;0.996731;12.3777;0.951564;2078.83;0;0.23506;5;0.171315;1;0;1;6114;90491;0.340012;0.042046;8.08666;434.045
3;4911;492;288;1;44;59;5;9.44535;5.46277;0.0125485;3.96319;39.5493;57.8403;0.99765;14.5944;1.66739;1912.58;0;0.199203;5;0.199203;1;0;1;4911;61114;0.389449;0.0256884;15.1605;396.732
4;4826;151;287;1;53;53;5;0.984094;2.15209;0.000659139;4.04326;46.0301;48.3018;0.99649;11.9462;0.186817;1517.13;0;0.14741;5;0.159363;1;0;1;4826;91779;0.314367;0.0427976;7.34543;350.79
5;8437;389;311;1;79;65;5;0;0;0;3.3455;55.6463;73.1464;0.998954;21.8641;0.0218141;2865.26;0;0.2749;6;0.175299;0.717131;0;1;8437;131008;0.339607;0.0198858;17.0779;553.855
6;6862;267;361;1;65;65;4;0.732583;0.992366;0.000682742;3.60884;55.1386;64.4301;0.99843;17.8534;0.883771;2929.36;0;0.581673;6;0.219124;1;0;1;6862;132583;0.426896;0.0319872;13.3458;604.94
7;4029;354;426;1;54;44;4;28.2172;34.4149;0.0342925;3.2855;43.1555;51.1889;0.997938;15.5803;3.02856;2157.9;0;0.816733;5;0.2749;1;0;1;4029;53656;0.535593;0.0419892;12.7555;459.205
8;1116;338;3;2;55;10;5;0;0;0;4.56646;9.20098;46.2434;0.995112;10.1268;3.13867;280.705;0;0.390438;5;0.12749;0.49004;0;0.143426;1116;46839;0.251528;0.0087711;28.6769;98.6547
