id;size;xpos;ypos;zpos;xsize;ysize;zsize;weightedx;weightedy;weightedz;minaxis;medaxis;majaxis;eccentricity;elongation;orientation;integratedintensty;sigma;seedIntensity;seedScale;minIntensityForeground;maxIntensityForeground;minIntensityBackground;maxIntensityBackground;volumeForeground;volumeBackground;foregroundIntensity;backgroundIntensity;fg/bg ratio;integratedGradientMag
1;7967;291;139;1;65;77;5;26.1477;12.7169;0.108716;5.16916;55.8868;65.3641;0.996868;12.645;1.39218;3458.54;0;1;6;0.223108;1;0;1;7967;131478;0.434107;0.0241433;17.9804;749.559
2;6308;197;274;1;55;60;5;0.92924;1.2026;0.000491661;4.13045;46.2259;54.2807;0.997101;13.1416;1.02492;2033.92;0;0.247012;5;0.163347;1;0;1;6308;90297;0.322436;0.039925;8.07602;405.225
3;6279;493;286;1;48;70;5;8.66156;5.02863;0.0107203;3.89585;46.7698;68.816;0.998396;17.6639;1.47251;2425.31;0;0.207171;8;0.199203;1;0;0.681275;6279;116361;0.386258;0.0220415;17.5242;584.054
4;4955;150;288;1;53;53;5;0.194288;0.387879;0;3.94558;46.7839;48.1674;0.996639;12.2079;0.0276788;1436.02;0;0.215139;5;0.14741;1;0;1;4955;91650;0.289812;0.0409514;7.07697;333.64
5;8677;388;311;1;77;65;5;0;0;0;3.4641;57.0945;70.6353;0.998797;20.3907;0.0718596;2873.74;0;0.211155;6;0.171315;0.697211;0;1;8677;130768;0.331191;0.0144005;22.9986;540.713
6;7205;270;361;1;66;66;5;0.187586;0.245121;0.000340446;3.73018;54.6436;65.809;0.998392;17.6423;0.856926;2937.33;0;0.386454;6;0.207171;1;0;1;7205;132240;0.407679;0.0317165;12.8538;602.812
7;4533;355;426;1;61;43;4;21.2304;25.8531;0.0313376;3.58967;43.9969;52.9835;0.997702;14.76;2.99802;2297.56;0;0.549801;6;0.258964;1;0;1;4533;70617;0.506852;0.042781;11.8476;492.082
