id;size;xpos;ypos;zpos;xsize;ysize;zsize;weightedx;weightedy;weightedz;minaxis;medaxis;majaxis;eccentricity;elongation;orientation;integratedintensty;sigma;seedIntensity;seedScale;minIntensityForeground;maxIntensityForeground;minIntensityBackground;maxIntensityBackground;volumeForeground;volumeBackground;foregroundIntensity;backgroundIntensity;fg/bg ratio;integratedGradientMag
1;8400;296;136;1;70;77;5;34.381;16.1704;0.180807;5.04213;56.6859;64.5906;0.996948;12.8102;1.22508;3777.52;0;0.944223;6;0.231076;1;0;1;8400;131045;0.449703;0.0260364;17.2721;846.404
2;6313;208;270;1;56;61;5;1.87844;2.23815;0.000940397;3.84506;47.1763;57.2101;0.997739;14.8789;1.12356;2126.76;0;0.231076;5;0.171315;1;0;1;6313;90292;0.336886;0.0423498;7.95486;422.504
3;4666;487;276;1;49;56;5;16.4846;9.45285;0.0187058;3.89846;37.9245;55.6401;0.997542;14.2723;1.97869;1871.08;0;0.211155;5;0.203187;1;0;1;4666;66224;0.401002;0.0432521;9.27127;412.064
4;4260;161;287;1;52;50;4;1.53126;3.01492;0.00288509;3.6155;45.6171;49.7523;0.997356;13.7608;0.36069;1386.44;0;0.278884;5;0.167331;1;0;1;4260;92345;0.325455;0.0439869;7.3989;321.997
5;8844;397;308;1;76;63;5;0;0;0;3.58632;56.7903;70.0704;0.998689;19.5383;0.0522661;3133.78;0;0.302789;6;0.183267;0.701195;0;1;8844;130601;0.35434;0.0227272;15.591;611.494
6;7168;264;360;1;67;66;4;0.751433;1.06488;0.00160084;3.5065;58.3552;66.1976;0.998596;18.8785;0.723325;3123.37;0;0.621514;6;0.223108;1;0;1;7168;132277;0.435735;0.0344816;12.6367;655.036
7;5013;355;425;1;63;45;4;20.5857;24.8768;0.0321287;3.50205;45.245;56.2535;0.99806;16.063;3.08827;2614.48;0;0.442231;6;0.266932;1;0;1;5013;73477;0.52154;0.0417201;12.5009;577.429
