id;size;xpos;ypos;zpos;xsize;ysize;zsize;weightedx;weightedy;weightedz;minaxis;medaxis;majaxis;eccentricity;elongation;orientation;integratedintensty;sigma;seedIntensity;seedScale;minIntensityForeground;maxIntensityForeground;minIntensityBackground;maxIntensityBackground;volumeForeground;volumeBackground;foregroundIntensity;backgroundIntensity;fg/bg ratio;integratedGradientMag
1;6686;294;149;1;65;77;5;56.4574;28.8791;0.336526;5.30303;52.571;62.9163;0.996442;11.8642;1.21675;3568.81;0;0.876494;6;0.2749;1;0;1;6686;132759;0.533775;0.0296257;18.0173;727.676
2;9187;194;275;1;67;66;5;2.64508;3.41474;0.00197517;4.20697;56.8962;63.7152;0.997818;15.1451;0.534319;3037.71;0;0.207171;6;0.167331;1;0;1;9187;130258;0.330653;0.0405198;8.16029;613.496
3;4788;489;279;1;47;61;5;20.8636;12.3623;0.0218021;3.79433;39.9815;57.8506;0.997847;15.2466;1.46646;1972.28;0;0.318725;5;0.211155;1;0;1;4788;64017;0.411922;0.0463009;8.89663;383
4;4825;154;288;1;54;54;4;1.31291;2.66573;0.00579507;3.76068;46.9068;50.4147;0.997214;13.4057;0.543335;1553.04;0;0.143426;5;0.163347;1;0;1;4825;91780;0.321875;0.046156;6.97363;345.111
5;8932;403;312;1;77;64;5;0.261047;0.200591;0;3.54698;57.9968;72.2548;0.998794;20.3708;0.0465282;3225.47;0;0.290837;6;0.183267;1;0;1;8932;130513;0.361115;0.0309138;11.6813;691.674
6;7849;265;357;1;70;68;5;0.470298;0.642474;0.00148172;3.60905;60.1191;66.4512;0.998524;18.4124;0.505086;3374.45;0;0.832669;6;0.219124;1;0;1;7849;131596;0.429921;0.0371036;11.5871;710.975
7;18054;466;403;2;90;85;5;0;0;0;5.38783;73.3006;74.9928;0.997416;13.9189;1.2052;3235.38;0;0.103586;7;0.0956175;0.486056;0;1;18054;81956;0.179207;0.0593072;3.02168;501.559
8;4799;350;425;1;64;44;4;27.3848;33.4525;0.0376032;3.3832;43.4499;59.1597;0.998363;17.4863;2.91959;2579.57;0;0.422311;6;0.2749;1;0;1;4799;76196;0.537522;0.0426401;12.606;565.842
