id;size;xpos;ypos;zpos;xsize;ysize;zsize;weightedx;weightedy;weightedz;minaxis;medaxis;majaxis;eccentricity;elongation;orientation;integratedintensty;sigma;seedIntensity;seedScale;minIntensityForeground;maxIntensityForeground;minIntensityBackground;maxIntensityBackground;volumeForeground;volumeBackground;foregroundIntensity;backgroundIntensity;fg/bg ratio;integratedGradientMag
1;6001;291;142;2;62;78;5;74.8457;37.4852;0.505452;5.32135;50.8603;61.0449;0.996193;11.4717;1.02752;3375.2;0;0.191235;6;0.290837;1;0;1;6001;133444;0.56244;0.0315979;17.7999;678.837
2;14023;184;275;1;95;73;5;1.85649;2.78451;0.00291056;4.22254;61.0824;91.2704;0.998929;21.615;2.82952;4466.5;0;0.207171;8;0.163347;1;0;1;14023;225782;0.318512;0.0323861;9.83484;1029.78
3;4528;490;279;1;45;60;5;27.4622;16.2868;0.0250797;3.88798;38.0354;55.6593;0.997557;14.3157;1.49742;1874.03;0;0.358566;5;0.211155;1;0;1;4528;64277;0.413876;0.0533083;7.76381;378.034
4;7948;410;311;1;76;64;4;6.72322;5.02348;0.00938726;3.40907;59.1267;72.4234;0.998892;21.2443;0.207479;3089.29;0;0.199203;6;0.199203;1;0;1;7948;131497;0.388688;0.0328867;11.819;799.222
5;8316;268;359;1;71;68;5;0.158336;0.199769;0.000295955;3.81879;58.9951;66.4382;0.998347;17.3977;0.524111;3378.9;0;0.665339;6;0.207171;1;0;1;8316;131129;0.406312;0.0355043;11.444;697.768
6;12848;477;411;2;73;72;5;0;0;0;5.12816;58.8426;67.5783;0.997117;13.1779;2.66719;2842.76;0;0.266932;6;0.115538;0.521912;0;1;12848;56767;0.221261;0.0393797;5.61865;435.296
7;4969;351;427;1;62;42;5;25.7485;31.6923;0.0497171;3.93126;40.5625;56.6671;0.997591;14.4145;3.05315;2614.8;0;0.940239;6;0.266932;1;0;1;4969;67676;0.526222;0.0496239;10.6042;553.034
