id;size;xpos;ypos;zpos;xsize;ysize;zsize;weightedx;weightedy;weightedz;minaxis;medaxis;majaxis;eccentricity;elongation;orientation;integratedintensty;sigma;seedIntensity;seedScale;minIntensityForeground;maxIntensityForeground;minIntensityBackground;maxIntensityBackground;volumeForeground;volumeBackground;foregroundIntensity;backgroundIntensity;fg/bg ratio;integratedGradientMag
1;17064;294;145;1;74;97;5;7.06974;3.59913;0.0430446;4.60367;64.4104;91.2162;0.998726;19.8138;1.22867;6621.04;0;0.282869;8;0.199203;1;0;1;17064;222741;0.388011;0.0157778;24.5922;1109.4
2;5429;488;268;1;48;60;5;16.4037;9.23731;0.0192514;4.03088;41.5292;57.061;0.997502;14.156;1.8761;2077.77;0;0.262948;5;0.195219;1;0;1;5429;63376;0.382717;0.0619103;6.18179;456.334
3;12849;189;281;1;89;68;5;2.89514;4.2001;0.0117542;4.30968;60.2105;82.6069;0.998638;19.1677;2.93082;4168.71;0;0.119522;7;0.167331;1;0;1;12849;173396;0.324437;0.03014;10.7643;998.275
4;5723;431;317;1;65;63;4;0.959704;0.699729;0.000881271;3.29235;56.8118;57.9423;0.998384;17.5991;2.40494;2269.45;0;0.306773;5;0.203187;1;0;1;5723;90882;0.396549;0.0616526;6.43199;553.319
5;8298;273;353;1;67;65;5;0.0805927;0.118428;0;3.65213;62.6546;64.3779;0.99839;17.6275;0.302014;3250.92;0;0.422311;6;0.199203;1;0;1;8298;131147;0.391771;0.0398821;9.82323;696.181
6;10468;480;402;1;73;77;5;0;0;0;4.24807;54.9129;70.8948;0.998203;16.6887;1.32092;2754.62;0;0.434263;6;0.139442;0.565737;0;1;10468;65097;0.263144;0.0556648;4.7273;447.317
7;6074;356;422;1;63;50;5;21.2026;25.1997;0.0404875;3.75071;45.7057;60.9711;0.998106;16.2559;2.66692;3037.98;0;0.749004;5;0.25498;1;0;1;6074;60646;0.50016;0.0414396;12.0696;626.843
