id;size;xpos;ypos;zpos;xsize;ysize;zsize;weightedx;weightedy;weightedz;minaxis;medaxis;majaxis;eccentricity;elongation;orientation;integratedintensty;sigma;seedIntensity;seedScale;minIntensityForeground;maxIntensityForeground;minIntensityBackground;maxIntensityBackground;volumeForeground;volumeBackground;foregroundIntensity;backgroundIntensity;fg/bg ratio;integratedGradientMag
1;5124;309;13;1;73;38;5;0;0;0;4.50447;34.9734;58.2662;0.997007;12.9352;0.0264834;897.466;0;0.247012;6;0.0916335;0.390438;0;0.199203;5124;64181;0.175149;0.01608;10.8924;153.631
2;13757;292;144;1;73;86;5;0;0;0;4.17402;62.4802;84.3147;0.998774;20.1999;1.37842;5671.88;0;0.462151;7;0.211155;0.880478;0;0.713147;13757;172488;0.412291;0.0181496;22.7163;889.085
3;4606;493;260;1;45;57;5;10.2302;5.25205;0.0075762;3.63851;40.684;55.1341;0.99782;15.1529;1.96532;1715.9;0;0.434263;5;0.191235;1;0;1;4606;59334;0.372537;0.0413714;9.00469;410.409
4;10820;183;276;1;92;69;5;2.75017;3.96195;0.00715401;4.0538;56.9466;81.5452;0.998764;20.1157;2.99063;3634.32;0;0.183267;7;0.171315;1;0;1;10820;175425;0.33589;0.0201523;16.6675;883.099
5;2196;498;278;1;34;46;4;3.04403;1.79075;0.00122991;3.28119;31.9487;42.5241;0.997019;12.96;1.25275;813.068;0;0.36255;5;0.187251;1;0;1;2196;47844;0.370249;0.0730677;5.0672;206.556
6;4086;449;323;0;64;59;3;0.290125;0.201404;0;2.51588;54.8096;57.2998;0.999036;22.7753;0.105857;1544.16;0;0.681275;5;0.195219;1;0;1;4086;87654;0.377917;0.0493724;7.65441;396.599
7;6567;280;356;1;69;67;5;0.23472;0.287065;0.000830869;3.0508;61.5041;63.754;0.998854;20.8975;3.01447;2407.12;0;0.215139;6;0.187251;1;0;1;6567;132878;0.366548;0.0311955;11.75;539.354
8;5128;482;405;1;59;58;4;0;0;0;3.13066;49.577;54.2165;0.998331;17.3179;1.80891;1505.37;0;0.426295;5;0.151394;0.705179;0;0.952191;5128;54197;0.293558;0.0483759;6.06826;270.738
9;4628;353;425;1;66;47;4;12.7892;15.7297;0.0131642;2.93;45.6973;62.6533;0.998906;21.3834;2.87151;2051.02;0;0.414343;6;0.227092;1;0;1;4628;78872;0.443177;0.0412295;10.749;458.704
