id;size;xpos;ypos;zpos;xsize;ysize;zsize;weightedx;weightedy;weightedz;minaxis;medaxis;majaxis;eccentricity;elongation;orientation;integratedintensty;sigma;seedIntensity;seedScale;minIntensityForeground;maxIntensityForeground;minIntensityBackground;maxIntensityBackground;volumeForeground;volumeBackground;foregroundIntensity;backgroundIntensity;fg/bg ratio;integratedGradientMag
1;5038;321;12;1;69;39;5;0;0;0;4.21792;33.4463;61.7729;0.997666;14.6453;0.00879121;928.916;0;0.0756972;6;0.0956175;0.47012;0;0.346614;5038;66772;0.184382;0.0156597;11.7743;161.508
2;14209;293;145;1;72;88;5;0;0;0;4.22168;63.2436;84.9567;0.998765;20.1239;1.37337;5786.52;0;0.398406;7;0.207171;0.840637;0;0.741036;14209;172036;0.407244;0.0174601;23.3242;931.508
3;4908;493;257;1;45;55;5;7.79503;4.06807;0.0105863;3.91078;41.8662;52.7323;0.997246;13.4839;1.94084;1700.31;0;0.266932;5;0.179283;1;0;1;4908;59032;0.346438;0.0374181;9.25856;422.043
4;10461;183;283;1;91;68;5;2.52176;3.79852;0.00562077;3.8945;58.0643;81.5788;0.99886;20.9472;3.01089;3558.23;0;0.139442;7;0.175299;1;0;0.952191;10461;175784;0.340142;0.0193352;17.5918;873.072
5;4180;458;328;1;65;57;4;0;0;0;2.74135;52.1984;57.7687;0.998873;21.0731;2.86594;1529.03;0;0.657371;5;0.187251;0.992032;0;1;4180;80610;0.365798;0.0491947;7.43572;389.887
6;4833;283;345;1;63;51;4;0;0;0;2.99632;44.9566;60.747;0.998783;20.2739;2.88635;1732.46;0;0.410359;5;0.183267;0.972112;0;1;4833;91772;0.358465;0.0290548;12.3375;403.638
7;4857;485;405;1;53;62;4;0;0;0;3.03927;48.9129;53.8629;0.998407;17.7223;1.38703;1463.73;0;0.239044;5;0.155378;0.605578;0;0.920319;4857;52773;0.301366;0.0516365;5.83629;269.23
8;4670;356;424;1;68;48;4;12.6573;15.2433;0.0109743;2.92652;46.7059;62.1123;0.998889;21.224;2.93809;2004.69;0;0.410359;6;0.219124;1;0;1;4670;78830;0.429269;0.0387392;11.081;460.654
