id;size;xpos;ypos;zpos;xsize;ysize;zsize;weightedx;weightedy;weightedz;minaxis;medaxis;majaxis;eccentricity;elongation;orientation;integratedintensty;sigma;seedIntensity;seedScale;minIntensityForeground;maxIntensityForeground;minIntensityBackground;maxIntensityBackground;volumeForeground;volumeBackground;foregroundIntensity;backgroundIntensity;fg/bg ratio;integratedGradientMag
1;3735;330;10;1;67;30;5;0;0;0;3.89408;26.7277;63.0472;0.998091;16.1905;0.0707047;752.279;0;0.167331;6;0.103586;0.426295;0;0.330677;3735;65570;0.201413;0.0148626;13.5517;139.773
2;14444;291;142;1;72;86;5;0;0;0;4.50941;62.7321;79.8508;0.998404;17.7076;1.38134;6096.08;0;0.294821;7;0.215139;0.856574;0;0.717131;14444;171801;0.422052;0.0176411;23.9243;921.99
3;4974;484;255;1;52;57;5;5.19376;2.77795;0.00661703;3.74739;44.0172;53.2914;0.997525;14.2209;2.144;1662.38;0;0.330677;5;0.171315;1;0;1;4974;68001;0.334214;0.0437026;7.64748;380.886
4;6323;493;260;1;47;69;5;12.2218;6.53902;0.0217648;3.85955;49.0821;64.0788;0.998184;16.6026;1.42958;2297.29;0;0.478088;7;0.187251;1;0;1;6323;89212;0.363323;0.0493176;7.367;602.535
5;9787;184;283;1;79;66;5;3.66276;5.69367;0.0151909;4.25855;53.4594;73.9101;0.998339;17.3557;2.91132;3423.1;0;0.143426;6;0.179283;1;0;1;9787;129658;0.34976;0.0181011;19.3225;836.444
6;3998;463;332;1;60;58;4;0;0;0;2.79458;51.7728;53.9904;0.998659;19.3197;2.36719;1490.24;0;0.386454;5;0.191235;0.964143;0;1;3998;75927;0.372747;0.0531941;7.0073;367.683
7;4728;289;344;1;64;52;4;0.503876;0.597948;0;2.78951;46.0951;63.1277;0.999023;22.6304;3.03;1700.82;0;0.358566;5;0.183267;1;0;1;4728;91877;0.359733;0.0267702;13.4378;410.707
8;4966;487;412;1;51;61;4;0;0;0;3.23782;45.7816;54.5506;0.998237;16.8479;1.05892;1604.77;0;0.370518;5;0.167331;0.633466;0;0.924303;4966;47504;0.323152;0.0462182;6.99186;294.856
9;4652;357;424;1;66;47;4;15.6139;18.5262;0.010403;3.01744;46.3813;59.5515;0.998715;19.7358;2.9079;2018.65;0;0.358566;6;0.223108;1;0;1;4652;78848;0.433933;0.0376664;11.5204;478.074
