id;size;xpos;ypos;zpos;xsize;ysize;zsize;weightedx;weightedy;weightedz;minaxis;medaxis;majaxis;eccentricity;elongation;orientation;integratedintensty;sigma;seedIntensity;seedScale;minIntensityForeground;maxIntensityForeground;minIntensityBackground;maxIntensityBackground;volumeForeground;volumeBackground;foregroundIntensity;backgroundIntensity;fg/bg ratio;integratedGradientMag
1;2929;325;10;1;61;29;5;0;0;0;3.42397;26.3822;57.6921;0.998237;16.8495;0.0971843;637.92;0;0.262948;5;0.111554;0.474104;0;0.302789;2929;45026;0.217795;0.0158321;13.7565;121.601
2;15266;290;144;1;68;87;5;0;0;0;4.94833;59.4754;81.2372;0.998143;16.4171;1.45586;6489.79;0;0.673307;7;0.215139;0.904382;0;0.737052;15266;170979;0.425116;0.0157282;27.0288;985.253
3;5715;493;257;1;48;70;5;9.5678;4.95935;0.0190331;3.60616;48.0466;64.6003;0.998441;17.9139;1.46644;2049.06;0;0.430279;7;0.183267;1;0;1;5715;89820;0.358541;0.0452716;7.91978;554.471
4;9544;182;278;1;79;68;5;3.91282;6.04509;0.0153704;4.11682;55.4196;73.6845;0.998438;17.8984;2.89069;3318.06;0;0.334661;6;0.179283;1;0;0.916335;9544;129901;0.347659;0.0165751;20.9748;791.508
5;4313;462;328;0;64;59;3;0.299398;0.227597;0;2.47498;56.6133;58.7135;0.999111;23.7228;2.92344;1476.29;0;0.370518;5;0.175299;1;0;1;4313;78392;0.34229;0.0448113;7.63848;386.819
6;4421;298;339;1;65;51;4;0.193263;0.209685;0;2.68791;45.4461;61.3428;0.99904;22.8218;0.0694514;1583.33;0;0.501992;5;0.183267;1;0;1;4421;92184;0.358139;0.0252744;14.1701;368.585
7;4127;491;412;1;51;61;4;0;0;0;3.03544;41.7089;54.7165;0.99846;18.0259;1.21554;1363.01;0;0.25498;5;0.171315;0.633466;0;0.848606;4127;46223;0.330267;0.0386753;8.53947;257.666
8;5337;359;423;1;67;50;4;11.6432;13.6888;0.00834922;3.12359;48.986;62.3567;0.998745;19.9631;2.92394;2275.66;0;0.450199;6;0.219124;1;0;0.98008;5337;81503;0.426392;0.0399683;10.6683;517.651
