id;size;xpos;ypos;zpos;xsize;ysize;zsize;weightedx;weightedy;weightedz;minaxis;medaxis;majaxis;eccentricity;elongation;orientation;integratedintensty;sigma;seedIntensity;seedScale;minIntensityForeground;maxIntensityForeground;minIntensityBackground;maxIntensityBackground;volumeForeground;volumeBackground;foregroundIntensity;backgroundIntensity;fg/bg ratio;integratedGradientMag
1;3549;333;11;1;67;33;5;0;0;0;3.27031;30.7396;62.3602;0.998624;19.0686;0.113446;786.394;0;0.282869;6;0.115538;0.49004;0;0.258964;3549;65756;0.221582;0.0120521;18.3854;149.562
2;4988;496;255;1;41;72;5;6.00221;3.13438;0.00915146;3.69745;39.6947;64.4805;0.998355;17.4392;1.50551;1748.35;0;0.756972;6;0.179283;1;0;1;4988;66822;0.350513;0.0532941;6.57696;440.179
3;9054;182;281;1;79;70;5;5.18814;8.05356;0.0203469;3.89488;56.6347;74.0728;0.998617;19.018;2.8333;3145.44;0;0.394422;6;0.179283;1;0;0.996016;9054;130391;0.347409;0.0172082;20.1886;725.06
4;4095;471;329;0;60;56;3;0;0;0;2.49506;54.2161;57.2546;0.99905;22.9472;2.55014;1436.82;0;0.525896;5;0.179283;0.916335;0;1;4095;71660;0.350871;0.0431729;8.12712;367.826
5;4634;311;340;0;67;55;5;0.588124;0.638996;0;2.58777;48.2422;64.5237;0.999195;24.9341;0.115419;1611.9;0;0.326693;5;0.179283;1;0;1;4634;91971;0.347844;0.0271019;12.8347;375.831
6;3760;491;414;1;47;57;3;0;0;0;2.71385;43.1064;53.7664;0.998725;19.8119;0.994026;1302.91;0;0.498008;5;0.179283;0.677291;0;0.916335;3760;45165;0.34652;0.0345814;10.0204;256.163
7;5451;362;423;1;68;50;4;13.85;15.6747;0.00612019;3.08531;49.5952;63.5599;0.998821;20.6008;2.84082;2287.51;0;0.430279;6;0.215139;1;0;1;5451;83894;0.419649;0.0428938;9.78344;529.519
8;310;238;439;0;39;10;3;0;0;0;2.16962;8.80941;33.8479;0.997944;15.6009;0.0346869;71.8805;0;0.227092;5;0.115538;0.760956;0;0.932271;310;50425;0.231873;0.0110372;21.0083;26.2834
9;29138;308;141;2;90;95;5;0;0;0;5.72715;84.5408;89.9274;0.99797;15.7019;1.41972;4803.96;0;0.191235;8;0.0836653;0.450199;0;0.884462;29138;210667;0.164869;0.00918126;17.9572;632.076
