id;size;xpos;ypos;zpos;xsize;ysize;zsize;weightedx;weightedy;weightedz;minaxis;medaxis;majaxis;eccentricity;elongation;orientation;integratedintensty;sigma;seedIntensity;seedScale;minIntensityForeground;maxIntensityForeground;minIntensityBackground;maxIntensityBackground;volumeForeground;volumeBackground;foregroundIntensity;backgroundIntensity;fg/bg ratio;integratedGradientMag
1;3035;333;11;1;61;32;5;0;0;0;3.12514;29.4945;56.3386;0.99846;18.0275;0.116313;710.888;0;0.36255;5;0.119522;0.486056;0;0.446215;3035;47005;0.23423;0.0148039;15.8222;137.267
2;3319;499;258;1;35;58;4;7.28225;3.83753;0.0113154;3.61089;33.4555;54.1351;0.997773;14.9922;1.52684;1237.26;0;0.561753;5;0.191235;1;0;1;3319;46721;0.372779;0.0654051;5.69955;317.072
3;9403;183;283;1;79;71;5;5.15866;7.96479;0.023516;3.94173;56.1015;74.8275;0.998612;18.9834;2.76954;3231.85;0;0.266932;6;0.175299;1;0;0.996016;9403;130042;0.343704;0.0169968;20.2216;751.296
4;4788;315;336;1;64;50;3;0.382784;0.40165;0;2.87039;45.0544;62.7707;0.998954;21.8683;2.99091;1643.22;0;0.350598;5;0.175299;1;0;1;4788;91817;0.343197;0.0266415;12.882;428.82
5;4263;475;331;1;62;57;4;0;0;0;2.75419;53.239;56.6591;0.998818;20.572;3.04705;1490.69;0;0.7251;5;0.179283;0.972112;0;1;4263;68712;0.349681;0.0382359;9.14535;371.373
6;2709;494;422;0;39;48;4;0;0;0;2.52717;37.5901;47.0459;0.998556;18.616;1.14683;922.956;0;0.462151;5;0.175299;0.645418;0;0.824701;2709;38676;0.3407;0.0195365;17.4392;197.59
7;5810;356;422;1;69;52;4;15.8765;18.2881;0.0106141;3.02288;51.7822;65.9605;0.998949;21.8204;2.91606;2355.36;0;0.418327;7;0.207171;1;0;1;5810;100340;0.405398;0.0384337;10.548;518.844
8;1272;240;434;0;54;22;3;0;0;0;2.3859;20.3615;48.0873;0.998768;20.1548;0.0945198;270.637;0;0.23506;5;0.10757;0.920319;0;0.689243;1272;49463;0.212765;0.0106696;19.9412;80.7117
9;22861;312;148;2;87;84;5;0;0;0;5.65589;76.3014;79.4773;0.997465;14.0521;0.141151;3547.84;0;0.139442;8;0.0756972;0.38247;0;1;22861;216944;0.155192;0.00895799;17.3244;517.724
