id;size;xpos;ypos;zpos;xsize;ysize;zsize;weightedx;weightedy;weightedz;minaxis;medaxis;majaxis;eccentricity;elongation;orientation;integratedintensty;sigma;seedIntensity;seedScale;minIntensityForeground;maxIntensityForeground;minIntensityBackground;maxIntensityBackground;volumeForeground;volumeBackground;foregroundIntensity;backgroundIntensity;fg/bg ratio;integratedGradientMag
1;2578;360;10;1;54;27;4;0;0;0;3.52911;26.3571;50.1535;0.997521;14.2113;2.99892;679.873;0;0.219124;5;0.135458;0.752988;0;0.414343;2578;45377;0.263721;0.0171764;15.3536;158.166
2;7859;279;24;1;61;57;5;0;0;0;3.85042;54.5707;60.3716;0.997964;15.6792;0.93322;1734.8;0;0.227092;6;0.111554;0.47012;0;0.752988;7859;78146;0.22074;0.0225433;9.79182;288.706
3;8778;322;124;1;78;69;4;0;0;0;3.58309;58.4373;66.6872;0.998555;18.6116;0.524272;3383.77;0;0.517928;6;0.195219;0.848606;0;0.717131;8778;130667;0.385483;0.0284636;13.543;613.859
4;9234;331;218;1;69;71;5;0;0;0;3.44646;57.2918;73.2077;0.998891;21.2414;0.877201;3181.69;0;0.290837;6;0.175299;0.717131;0;0.7251;9234;130211;0.344563;0.0278034;12.3928;574.39
5;5367;491;243;1;46;53;5;0;0;0;4.12778;41.6873;51.8466;0.996826;12.5604;0.923634;2141.2;0;0.52988;5;0.203187;0.832669;0;0.7251;5367;56488;0.398956;0.0441141;9.04372;429.502
6;8657;357;349;1;70;67;5;0;0;0;3.4131;57.7536;70.1785;0.998817;20.5615;0.61313;2042.62;0;0.262948;6;0.119522;0.964143;0;1;8657;130788;0.23595;0.0327482;7.20496;417.292
7;1542;234;431;1;48;34;4;34.8763;63.0273;0.0913064;3.22685;31.0734;42.7433;0.997146;13.2461;0.296112;733.793;0;0.673307;5;0.243028;1;0;1;1542;49193;0.475871;0.0434464;10.953;159.377
8;6193;379;428;1;77;39;5;45.9885;52.0794;0.171932;4.48841;37.8648;69.9761;0.997941;15.5904;3.08981;2977.92;0;0.63745;7;0.247012;1;0;1;6193;90307;0.480852;0.0443086;10.8523;709.343
9;23904;176;251;2;95;99;5;0;0;0;5.6687;79.7775;82.7294;0.99765;14.5941;1.83741;2877.92;0;0.0398406;8;0.063745;0.398406;0;0.270916;23904;215901;0.120393;0.00962274;12.5113;407.502
