id;size;xpos;ypos;zpos;xsize;ysize;zsize;weightedx;weightedy;weightedz;minaxis;medaxis;majaxis;eccentricity;elongation;orientation;integratedintensty;sigma;seedIntensity;seedScale;minIntensityForeground;maxIntensityForeground;minIntensityBackground;maxIntensityBackground;volumeForeground;volumeBackground;foregroundIntensity;backgroundIntensity;fg/bg ratio;integratedGradientMag
1;9011;561;148;5;67;64;9;0;0;0;8.1157;51.4559;52.1298;0.987807;6.42333;0.503407;1671.95;0;0.0462185;5;0.10084;0.752101;0.012605;0.689076;9011;280804;0.185546;0.0702581;2.64092;216.634
2;2619;660;175;11;62;56;9;2.14832;0.569296;0.0342556;5.9952;28.9509;33.2248;0.983585;5.54191;0.107206;1226.08;0;1;5;0.243697;1;0.012605;0.638655;2619;353499;0.468146;0.0629821;7.433;264.581
3;11309;474;223;12;66;67;10;0;0;0;8.0903;50.3047;59.402;0.990682;7.34237;2.94381;2088.63;0;0.268908;5;0.10084;0.697479;0.012605;0.760504;11309;394432;0.184688;0.0866911;2.13041;230.038
4;11418;450;242;12;63;65;9;0;0;0;8.2521;50.112;58.553;0.990019;7.09552;2.13152;2238.53;0;0.462185;5;0.105042;0.705882;0.012605;0.794118;11418;394323;0.196053;0.0879269;2.22972;204.362
5;10091;515;260;12;64;63;11;0;0;0;8.08259;50.2961;55.4494;0.989319;6.86035;1.56776;2084.05;0;0.205882;5;0.113445;0.752101;0.012605;0.827731;10091;395650;0.206525;0.0869831;2.37431;187.495
6;12418;449;282;13;66;65;10;0;0;0;8.1855;54.0973;56.3705;0.989401;6.88663;1.29888;2573.04;0;0.306723;5;0.109244;0.756303;0.00840336;0.827731;12418;393323;0.207202;0.0877916;2.36016;256.606
7;11774;490;295;13;65;66;10;0;0;0;8.31046;51.7912;58.1257;0.989726;6.99429;2.99275;2327.76;0;0.382353;5;0.105042;0.827731;0.00840336;0.760504;11774;393967;0.197704;0.0880638;2.24501;255.468
8;68064;209;284;14;103;104;15;0;0;0;12.6894;90.0165;90.9638;0.990222;7.16847;1.68305;25508.9;0;0.436975;8;0.189076;0.957983;0;0.915966;68064;1370766;0.374777;0.0720595;5.20094;2450.13
9;889;12;13;26;34;31;8;0;0;0;5.62041;28.7129;35.4424;0.987346;6.30601;2.29913;151.979;0;0.453782;5;0.092437;0.516807;0.00840336;0.718487;889;75287;0.170955;0.0476868;3.58496;19.5017
