id;size;xpos;ypos;zpos;xsize;ysize;zsize;weightedx;weightedy;weightedz;minaxis;medaxis;majaxis;eccentricity;elongation;orientation;integratedintensty;sigma;seedIntensity;seedScale;minIntensityForeground;maxIntensityForeground;minIntensityBackground;maxIntensityBackground;volumeForeground;volumeBackground;foregroundIntensity;backgroundIntensity;fg/bg ratio;integratedGradientMag
1;2458;659;178;11;44;44;9;3.23851;0.875427;0.0523131;5.89347;28.4982;30.7214;0.981427;5.21279;0.124809;1223.4;0;0.936975;5;0.256303;1;0.00840336;0.592437;2458;353660;0.497723;0.0630188;7.89801;255.909
2;14593;262;212;14;66;66;11;0;0;0;8.04345;52.8547;55.2213;0.989335;6.86538;1.6385;4983.97;0;0.134454;5;0.176471;0.928571;0.00840336;0.642857;14593;391148;0.34153;0.0785171;4.34975;655.306
3;25505;520;258;14;79;79;11;0;0;0;9.27368;64.9205;67.927;0.990637;7.32471;0.582657;8766.59;0;0.642857;6;0.176471;0.962185;0.00840336;0.810924;25505;671720;0.343721;0.0756289;4.54483;1033.15
4;14213;152;270;14;67;67;11;0;0;0;8.06652;53.1917;53.7455;0.988673;6.6628;0.455338;4715.4;0;0.285714;5;0.172269;0.957983;0.00840336;0.676471;14213;391528;0.331767;0.0785808;4.22199;588.036
5;23797;404;350;16;78;78;11;0;0;0;9.25942;62.9996;67.2591;0.990478;7.26385;0.887058;8147.8;0;0.504202;6;0.176471;0.966387;0.00840336;0.65126;23797;673428;0.342386;0.0741396;4.61813;971.967
6;8853;587;207;23;64;67;11;0;0;0;8.36983;49.8167;52.6748;0.987295;6.29341;1.63071;1696.19;0;0.508403;5;0.10084;0.810924;0.00420168;0.962185;8853;358246;0.191595;0.0793961;2.41316;171.526
7;3292;571;18;26;65;46;9;0;0;0;6.34759;40.4179;59.6685;0.994325;9.40018;2.99594;594.798;0;0.382353;5;0.0966387;0.768908;0.00840336;0.819328;3292;179076;0.18068;0.0469231;3.85055;54.3506
