id;size;xpos;ypos;zpos;xsize;ysize;zsize;weightedx;weightedy;weightedz;minaxis;medaxis;majaxis;eccentricity;elongation;orientation;integratedintensty;sigma;seedIntensity;seedScale;minIntensityForeground;maxIntensityForeground;minIntensityBackground;maxIntensityBackground;volumeForeground;volumeBackground;foregroundIntensity;backgroundIntensity;fg/bg ratio;integratedGradientMag
1;2607;659;179;11;56;62;9;0.533985;0.142772;0.00806623;5.96198;30.1501;30.9446;0.981264;5.19032;0.364338;1239.74;0;0.817021;5;0.246809;1;0.00851064;0.655319;2607;362268;0.475542;0.0588816;8.07624;261.654
2;16721;126;270;13;65;67;11;0;0;0;8.28189;53.9727;57.0377;0.989402;6.88704;1.194;6887.85;0;0.561702;5;0.208511;0.978723;0.00425532;0.761702;16721;389020;0.411926;0.0764908;5.3853;847.504
3;17558;283;201;14;66;67;11;0;0;0;8.18083;56.8265;58.2248;0.99008;7.11723;1.4621;6859.94;0;0.548936;5;0.2;0.991489;0.00851064;0.693617;17558;388183;0.390696;0.0777906;5.02241;796.96
4;27387;550;255;14;79;79;11;0;0;0;9.38795;65.7513;69.4424;0.99082;7.39697;0.214552;10704.8;0;0.489362;6;0.2;0.987234;0.00425532;0.846808;27387;669838;0.390875;0.0749069;5.21815;1231.29
5;25305;382;380;16;77;79;11;0;0;0;8.72769;64.605;71.5014;0.992522;8.19247;1.5629;9629.36;0;0.587234;6;0.191489;0.995745;0;0.787234;25305;671920;0.380531;0.0708134;5.37371;1131.13
6;8518;593;212;23;66;66;10;0;0;0;8.34193;49.7753;52.931;0.987503;6.34517;1.05214;1640.26;0;0.314894;5;0.102128;0.846808;0.00425532;0.995745;8518;358581;0.192563;0.0876673;2.19653;181.144
7;902;698;12;26;33;34;9;0;0;0;5.52774;28.9517;39.3394;0.990079;7.11673;0.820548;181.098;0;0.0340426;5;0.106383;0.66383;0.00851064;0.770213;902;78586;0.200774;0.0446814;4.49346;28.4774
