id;size;xpos;ypos;zpos;xsize;ysize;zsize;weightedx;weightedy;weightedz;minaxis;medaxis;majaxis;eccentricity;elongation;orientation;integratedintensty;sigma;seedIntensity;seedScale;minIntensityForeground;maxIntensityForeground;minIntensityBackground;maxIntensityBackground;volumeForeground;volumeBackground;foregroundIntensity;backgroundIntensity;fg/bg ratio;integratedGradientMag
1;2580;658;179;11;58;58;9;1.08493;0.295815;0.0180275;6.10376;30.562;31.7963;0.981402;5.2093;0.962901;1220.36;0;0.89916;5;0.243697;1;0.00840336;0.852941;2580;362295;0.473007;0.0656941;7.20015;253.294
2;38746;569;247;13;90;91;13;0;0;0;10.5092;74.0898;78.274;0.990946;7.44814;0.111578;14629.3;0;0.390756;7;0.193277;0.970588;0.00420168;1;38746;966977;0.37757;0.0753315;5.01212;1663.88
3;24128;102;260;13;77;78;11;0;0;0;8.92598;63.5139;66.665;0.990996;7.46865;3.02242;10132.3;0;0.785714;6;0.218487;0.995798;0.00840336;0.642857;24128;673097;0.419943;0.0704906;5.95743;1300.99
4;25709;304;188;14;77;79;11;0;0;0;9.38732;64.1256;66.5787;0.99001;7.0924;1.49261;9707.03;0;0.331933;6;0.193277;0.983193;0.00420168;0.777311;25709;671516;0.377575;0.0764646;4.9379;1171.68
5;27241;324;416;16;79;78;11;0;0;0;9.01645;67.0964;68.8928;0.991399;7.64079;1.87913;12216;0;0.567227;6;0.231092;0.991597;0.00840336;0.894958;27241;669984;0.448444;0.0725233;6.18345;1423.43
6;9188;581;222;23;65;63;10;0;0;0;8.43748;51.1499;53.8495;0.987648;6.38218;0.597255;1770.94;0;0.0756303;5;0.10084;0.701681;0.00420168;0.970588;9188;357911;0.192745;0.100638;1.91522;172.09
