id;size;xpos;ypos;zpos;xsize;ysize;zsize;weightedx;weightedy;weightedz;minaxis;medaxis;majaxis;eccentricity;elongation;orientation;integratedintensty;sigma;seedIntensity;seedScale;minIntensityForeground;maxIntensityForeground;minIntensityBackground;maxIntensityBackground;volumeForeground;volumeBackground;foregroundIntensity;backgroundIntensity;fg/bg ratio;integratedGradientMag
1;2547;659;180;11;54;51;9;1.10387;0.300525;0.0199795;5.75402;29.3656;31.362;0.983025;5.45046;0.125952;1201.23;0;0.634454;5;0.243697;1;0.00840336;0.966387;2547;362328;0.471626;0.0646464;7.29548;255.215
2;40858;574;260;13;91;93;13;0;0;0;10.3713;77.094;79.8161;0.991522;7.69588;0.295085;15710.4;0;0.537815;7;0.197479;0.987395;0.00420168;1;40858;964865;0.384514;0.075207;5.11273;1728.85
3;26096;92;265;13;78;78;11;0;0;0;8.92727;64.109;69.889;0.991808;7.82871;2.69245;11524.3;0;0.487395;6;0.226891;0.995798;0.00420168;0.747899;26096;671129;0.441609;0.0699862;6.30994;1431.83
4;39675;310;420;13;90;91;13;0;0;0;10.2144;73.5811;80.101;0.991836;7.84199;1.86833;18116;0;0.491597;7;0.231092;0.995798;0.00420168;0.840336;39675;945204;0.45661;0.068647;6.65156;2109.27
5;26606;325;181;14;78;80;11;0;0;0;9.32931;65.9811;67.4336;0.990384;7.22815;1.68151;10142.8;0;0.394958;6;0.197479;0.970588;0.00840336;0.84874;26606;670619;0.381222;0.0770712;4.94636;1186.36
6;8586;577;214;23;66;63;9;0;0;0;8.28646;50.9703;52.857;0.987635;6.37872;1.51206;1570.7;0;0.336134;5;0.0966387;0.810924;0.00420168;0.987395;8586;358513;0.182939;0.097585;1.87466;165.734
