id;size;xpos;ypos;zpos;xsize;ysize;zsize;weightedx;weightedy;weightedz;minaxis;medaxis;majaxis;eccentricity;elongation;orientation;integratedintensty;sigma;seedIntensity;seedScale;minIntensityForeground;maxIntensityForeground;minIntensityBackground;maxIntensityBackground;volumeForeground;volumeBackground;foregroundIntensity;backgroundIntensity;fg/bg ratio;integratedGradientMag
1;2563;658;181;11;56;57;9;1.09278;0.296166;0.0164081;5.89253;28.9455;33.0197;0.983948;5.60365;2.47593;1218.91;0;0.746835;5;0.240506;1;0;0.725738;2563;362312;0.47558;0.0579835;8.20198;254.379
2;26517;106;267;13;77;79;11;0;0;0;8.90346;66.4633;69.0596;0.991654;7.75649;2.23163;11123.4;0;0.413502;6;0.21519;0.978903;0.00421941;0.827004;26517;670708;0.419484;0.0668661;6.27349;1361.69
3;42005;304;419;13;91;92;13;0;0;0;10.1358;77.9863;79.7619;0.991893;7.86929;2.19763;19266.7;0;0.548523;7;0.232068;0.991561;0.00421941;0.801688;42005;942874;0.458679;0.0648966;7.06784;2174.67
4;28148;328;169;15;79;79;11;0;0;0;9.42069;67.5412;68.5211;0.990504;7.27347;0.888246;10999.6;0;0.421941;6;0.198312;0.974684;0.00421941;0.725738;28148;669077;0.390776;0.0735356;5.3141;1183.25
5;43752;577;267;15;91;92;13;0;0;0;10.7363;77.9622;81.1064;0.9912;7.55438;0.86075;16771.2;0;0.295359;7;0.194093;0.966245;0;1;43752;1036469;0.383327;0.0700467;5.47244;1716.48
