id;size;xpos;ypos;zpos;xsize;ysize;zsize;weightedx;weightedy;weightedz;minaxis;medaxis;majaxis;eccentricity;elongation;orientation;integratedintensty;sigma;seedIntensity;seedScale;minIntensityForeground;maxIntensityForeground;minIntensityBackground;maxIntensityBackground;volumeForeground;volumeBackground;foregroundIntensity;backgroundIntensity;fg/bg ratio;integratedGradientMag
1;2479;659;177;11;53;50;9;1.04769;0.277845;0.0191068;5.63233;28.7454;30.6227;0.98294;5.43694;2.80652;1256.1;0;0.903361;5;0.260504;1;0.00840336;0.642857;2479;362396;0.506695;0.0585156;8.65915;267.776
2;44941;318;406;13;91;93;13;0;0;0;10.5686;78.0246;81.573;0.991572;7.71844;1.81268;20432.5;0;0.420168;7;0.226891;0.991597;0;0.857143;44941;960782;0.454647;0.0698806;6.50605;2230.83
3;27905;125;262;14;77;78;11;0;0;0;9.26879;65.947;69.9824;0.99119;7.55032;2.42061;11415.9;0;0.521008;6;0.205882;0.987395;0.00420168;0.87395;27905;669320;0.409099;0.0732251;5.58687;1315.46
4;37378;329;156;15;88;92;13;0;0;0;10.619;74.1795;75.6783;0.990106;7.12667;1.30944;13990.5;0;0.268908;7;0.193277;0.991597;0.00840336;0.920168;37378;1042843;0.374298;0.0699476;5.35111;1519.2
5;43932;558;273;15;92;92;13;0;0;0;10.8744;78.3897;79.7245;0.990654;7.33137;0.440922;16995.2;0;0.55042;7;0.197479;0.983193;0.00840336;0.966387;43932;1036289;0.386853;0.0734082;5.26989;1759.74
