id;size;xpos;ypos;zpos;xsize;ysize;zsize;weightedx;weightedy;weightedz;minaxis;medaxis;majaxis;eccentricity;elongation;orientation;integratedintensty;sigma;seedIntensity;seedScale;minIntensityForeground;maxIntensityForeground;minIntensityBackground;maxIntensityBackground;volumeForeground;volumeBackground;foregroundIntensity;backgroundIntensity;fg/bg ratio;integratedGradientMag
1;2383;660;177;11;43;50;8;0.522162;0.139767;0.00785206;5.58455;27.0563;28.6718;0.980848;5.13414;2.78088;1273.55;0;0.584746;5;0.271186;1;0;0.627119;2383;353735;0.534433;0.0525698;10.1661;285.968
2;29149;134;267;14;79;80;11;0;0;0;9.39903;67.7701;69.9973;0.990944;7.44729;2.77923;11849.5;0;0.29661;6;0.20339;0.987288;0;0.728814;29149;668076;0.406508;0.0693038;5.8656;1341.95
3;56700;324;372;14;103;104;15;0.0135755;0.0169913;0.000613088;12.0291;82.9878;87.8858;0.990589;7.30608;1.92165;22835.2;0;0.618644;8;0.20339;1;0;0.699153;56700;1382130;0.402736;0.0627489;6.41821;2522.49
4;39816;348;142;15;91;93;13;0;0;0;10.5292;77.0034;77.605;0.990753;7.37048;1.42996;15251.3;0;0.385593;7;0.194915;0.970339;0.00423729;0.762712;39816;1040405;0.383041;0.0657434;5.8263;1670.73
5;56369;549;276;15;103;104;15;0;0;0;12.0216;84.9129;88.0595;0.990638;7.32512;1.29366;21106.7;0;0.254237;8;0.190678;0.970339;0;0.995763;56369;1430422;0.374442;0.0649915;5.7614;2283.85
6;1929;699;86;26;34;64;9;0;0;0;5.51781;33.7447;60.9645;0.995896;11.0487;1.56727;342.318;0;0.0338983;5;0.0932203;0.834746;0.00423729;0.65678;1929;158199;0.177459;0.0442259;4.01255;56.914
