id;size;xpos;ypos;zpos;xsize;ysize;zsize;weightedx;weightedy;weightedz;minaxis;medaxis;majaxis;eccentricity;elongation;orientation;integratedintensty;sigma;seedIntensity;seedScale;minIntensityForeground;maxIntensityForeground;minIntensityBackground;maxIntensityBackground;volumeForeground;volumeBackground;foregroundIntensity;backgroundIntensity;fg/bg ratio;integratedGradientMag
1;2421;659;179;11;55;53;8;2.98774;0.818342;0.0513825;5.62523;27.4824;28.683;0.980581;5.099;0.44169;1323.41;0;0.966387;5;0.281513;1;0.00840336;0.680672;2421;362454;0.546637;0.0563482;9.70107;291.395
2;29162;141;264;13;80;79;11;0;0;0;9.36601;67.9817;70.3109;0.991088;7.50704;2.72375;11830.8;0;0.483193;6;0.205882;0.987395;0.00420168;0.894958;29162;668063;0.405694;0.0720429;5.63128;1248.7
3;59466;540;294;14;103;104;15;0;0;0;12.2776;88.2019;89.3846;0.990522;7.28028;2.3986;19570.5;0;0.239496;8;0.168067;0.978992;0.00420168;0.836134;59466;1379364;0.329106;0.0704353;4.67247;2121.76
4;42444;318;376;14;92;91;13;0;0;0;10.3034;79.5862;80.5081;0.991777;7.81377;1.04543;17450;0;0.827731;7;0.210084;0.991597;0.00840336;0.861345;42444;1000528;0.411134;0.0711542;5.77807;1901.79
5;42850;354;135;15;91;92;13;0;0;0;10.8107;78.1531;79.6526;0.990747;7.36793;0.664007;16883.4;0;0.605042;7;0.201681;0.97479;0.00840336;0.915966;42850;1037371;0.394015;0.0698548;5.64049;1703.04
