id;size;xpos;ypos;zpos;xsize;ysize;zsize;weightedx;weightedy;weightedz;minaxis;medaxis;majaxis;eccentricity;elongation;orientation;integratedintensty;sigma;seedIntensity;seedScale;minIntensityForeground;maxIntensityForeground;minIntensityBackground;maxIntensityBackground;volumeForeground;volumeBackground;foregroundIntensity;backgroundIntensity;fg/bg ratio;integratedGradientMag
1;2221;658;178;11;53;46;9;5.32263;1.43979;0.0873092;5.43518;26.2736;29.9199;0.983362;5.50485;0.155668;1236.98;0;0.827731;5;0.285714;1;0.00840336;0.684874;2221;362654;0.556949;0.0577077;9.65122;270.354
2;29351;138;263;13;79;79;12;0;0;0;9.49136;67.2491;70.109;0.990794;7.38661;2.12515;11957.3;0;0.831933;6;0.201681;0.983193;0;0.936975;29351;667874;0.407391;0.0730072;5.58015;1308.68
3;13243;317;349;15;65;67;9;0;0;0;7.03447;58.2801;59.2855;0.992936;8.42786;1.51364;4002.79;0;0.386555;5;0.155462;0.957983;0.00420168;0.936975;13243;392498;0.302257;0.084289;3.58596;545.941
4;51889;365;126;16;103;105;15;0;0;0;11.5487;83.3835;87.0995;0.991171;7.5419;0.169073;19996.8;0;0.277311;8;0.197479;0.991597;0.00420168;0.936975;51889;1434902;0.385374;0.0652294;5.90797;2259.72
5;13105;526;317;16;66;67;10;0;0;0;6.97728;56.855;60.4878;0.993325;8.66926;1.16041;4039.46;0;0.659664;5;0.155462;0.94958;0;0.760504;13105;392636;0.308238;0.0842382;3.65913;551.383
