id;size;xpos;ypos;zpos;xsize;ysize;zsize;weightedx;weightedy;weightedz;minaxis;medaxis;majaxis;eccentricity;elongation;orientation;integratedintensty;sigma;seedIntensity;seedScale;minIntensityForeground;maxIntensityForeground;minIntensityBackground;maxIntensityBackground;volumeForeground;volumeBackground;foregroundIntensity;backgroundIntensity;fg/bg ratio;integratedGradientMag
1;2128;658;179;11;41;55;9;4.54023;1.21966;0.0738667;5.42733;26.1385;27.2131;0.97991;5.01409;0.0169135;1164.26;0;0.619247;5;0.284519;1;0.0125523;0.619247;2128;362747;0.547114;0.0625103;8.75239;254.808
2;9241;524;304;11;65;64;9;0;0;0;7.68409;48.3238;50.0809;0.988159;6.51748;2.0986;2767.87;0;0.343096;5;0.158996;0.962343;0.0125523;0.92887;9241;396500;0.299521;0.0874201;3.42622;442.073
3;38839;152;267;12;90;92;13;0;0;0;10.3393;73.4315;80.6581;0.99175;7.8011;1.76366;14988.7;0;0.514644;7;0.200837;0.983264;0.0125523;0.686192;38839;929635;0.385916;0.072282;5.33903;1693.22
4;13072;321;344;13;66;65;10;0;0;0;8.54915;50.8443;52.5096;0.986657;6.14208;2.15064;4350.13;0;0.330544;5;0.175732;0.966527;0.0167364;0.728033;13072;392669;0.332781;0.0878874;3.78645;594.307
5;9886;368;128;15;64;66;11;0;0;0;8.5927;37.6047;59.8369;0.989636;6.96368;1.34555;4207.57;0;0.723849;5;0.221757;0.995816;0.0125523;0.76569;9886;395855;0.425608;0.0850518;5.00411;508.192
6;10136;518;314;17;64;67;10;0;0;0;8.03832;49.4052;51.6785;0.987829;6.42902;2.5957;2721.08;0;0.556485;5;0.142259;0.92887;0.0125523;0.962343;10136;395605;0.268457;0.0888895;3.02012;376.999
7;3862;564;20;26;65;51;10;0;0;0;6.57917;44.2418;61.0773;0.994181;9.28344;3.00159;704.854;0;0.117155;5;0.100418;0.606695;0.0125523;0.736402;3862;187402;0.18251;0.0519853;3.51079;60.0532
8;1803;698;71;26;34;62;9;0;0;0;5.26358;34.5369;61.243;0.9963;11.6352;1.52948;329.485;0;0.041841;5;0.100418;0.707113;0.0125523;0.761506;1803;158325;0.182743;0.0525974;3.47437;38.2559
