id;size;xpos;ypos;zpos;xsize;ysize;zsize;weightedx;weightedy;weightedz;minaxis;medaxis;majaxis;eccentricity;elongation;orientation;integratedintensty;sigma;seedIntensity;seedScale;minIntensityForeground;maxIntensityForeground;minIntensityBackground;maxIntensityBackground;volumeForeground;volumeBackground;foregroundIntensity;backgroundIntensity;fg/bg ratio;integratedGradientMag
1;14639;360;347;8;65;67;10;0;0;0;7.41683;52.9527;59.5496;0.992213;8.02899;1.1498;5543.08;0;0.453782;5;0.197479;0.97479;0.012605;0.731092;14639;333139;0.378651;0.0809523;4.67746;717.665
2;16376;570;251;10;66;66;11;0;0;0;7.85784;55.2947;57.5957;0.99065;7.32971;2.80844;6317.68;0;0.415966;5;0.197479;0.97479;0.00840336;0.878151;16376;370044;0.385787;0.0808968;4.76888;844.624
3;2494;659;179;11;46;56;10;2.21927;0.604648;0.0368483;5.87719;29.8735;31.5026;0.982443;5.36014;0.0207422;1194.08;0;0.87395;5;0.247899;1;0.00840336;0.878151;2494;362381;0.478782;0.0611639;7.82786;253.658
4;11628;277;181;12;64;66;10;0;0;0;7.97407;46.3104;55.7333;0.989712;6.98931;1.35996;3656.37;0;0.378151;5;0.163866;0.953781;0.00840336;0.680672;11628;394113;0.314444;0.0794913;3.9557;489.466
5;9552;149;284;13;65;67;11;0;0;0;8.14651;38.7033;57.665;0.989971;7.0785;3.07603;3860.24;0;0.462185;5;0.210084;0.991597;0.00840336;0.752101;9552;396189;0.404131;0.0841723;4.80123;829.187
6;10820;362;144;14;63;67;9;0;0;0;7.8968;44.09;56.054;0.990027;7.09832;1.14077;3532.12;0;0.403361;5;0.168067;0.953781;0.00420168;0.680672;10820;394921;0.326444;0.0772393;4.22639;481.804
7;15215;303;310;19;66;67;11;0;0;0;8.24431;54.9971;58.4695;0.990009;7.09211;1.30006;3720.28;0;0.10084;5;0.121849;0.823529;0;0.97479;15215;390526;0.244514;0.0816389;2.99507;398.679
8;15579;511;320;20;66;67;11;0;0;0;8.27401;56.0021;57.3739;0.989547;6.93423;1.38644;4782.89;0;0.436975;5;0.159664;0.962185;0.012605;0.94958;15579;390162;0.307007;0.08073;3.80289;520.227
9;896;12;14;26;30;36;9;0;0;0;5.58088;31.1524;36.1803;0.988032;6.4829;2.10509;170.92;0;0.142857;5;0.105042;0.668067;0.012605;0.689076;896;78592;0.190759;0.0483387;3.9463;21.5199
