id;size;xpos;ypos;zpos;xsize;ysize;zsize;weightedx;weightedy;weightedz;minaxis;medaxis;majaxis;eccentricity;elongation;orientation;integratedintensty;sigma;seedIntensity;seedScale;minIntensityForeground;maxIntensityForeground;minIntensityBackground;maxIntensityBackground;volumeForeground;volumeBackground;foregroundIntensity;backgroundIntensity;fg/bg ratio;integratedGradientMag
1;22992;389;313;6;77;79;11;0;0;0;8.0928;65.443;69.347;0.993167;8.56898;1.46116;8670.79;0;0.508475;6;0.194915;0.961864;0.00847458;0.669492;22992;479010;0.377122;0.07435;5.07225;1149.31
2;25833;606;241;10;78;78;11;0;0;0;9.16995;64.061;66.6457;0.990489;7.26784;1.00832;10870.8;0;0.487288;6;0.216102;0.991525;0.00847458;1;25833;587725;0.420809;0.0742067;5.67077;1387.07
3;2575;659;178;11;46;51;8;0.525254;0.139595;0.00946404;5.99051;28.5434;30.8585;0.980976;5.15123;3.04121;1267.96;0;0.983051;5;0.254237;1;0.00847458;0.991525;2575;353543;0.492411;0.0762982;6.45377;271.439
4;15695;235;188;12;66;67;10;0;0;0;7.89171;53.8385;58.2444;0.990778;7.38045;1.59073;5737.22;0;0.559322;5;0.186441;0.970339;0.00423729;0.775424;15695;390046;0.365549;0.0806297;4.53368;690.712
5;8114;135;248;12;63;66;9;0;0;0;8.14384;43.0963;49.5796;0.986417;6.08799;2.34969;2422.77;0;0.741525;5;0.15678;0.889831;0.00847458;0.766949;8114;397627;0.298592;0.0779762;3.82927;381.735
6;7499;178;328;12;65;66;10;0.0794105;0.14773;0.00487997;7.8309;41.9342;51.9826;0.988588;6.63815;2.6403;2254.11;0;0.364407;5;0.15678;1;0.00847458;0.771186;7499;398242;0.300588;0.0797708;3.76814;387.948
7;16207;407;112;17;66;66;11;0.0568228;0.0142413;0.00256343;8.0362;54.0302;57.9872;0.99035;7.21575;0.47012;7021.83;0;0.639831;5;0.224576;1;0.0127119;0.923729;16207;389534;0.433258;0.0712689;6.0792;889.285
8;23140;300;287;21;78;79;11;0;0;0;9.57249;65.6853;67.3686;0.989854;7.03773;1.53762;5748.48;0;0.368644;6;0.127119;0.881356;0.00423729;0.881356;23140;618307;0.24842;0.0744574;3.33641;572.572
9;25386;491;362;22;79;79;11;0;0;0;9.41751;66.0618;67.0905;0.990099;7.12401;0.32402;9093.36;0;0.351695;6;0.182203;0.983051;0.00423729;0.838983;25386;588172;0.358207;0.0710537;5.04135;1026.81
