id;size;xpos;ypos;zpos;xsize;ysize;zsize;weightedx;weightedy;weightedz;minaxis;medaxis;majaxis;eccentricity;elongation;orientation;integratedintensty;sigma;seedIntensity;seedScale;minIntensityForeground;maxIntensityForeground;minIntensityBackground;maxIntensityBackground;volumeForeground;volumeBackground;foregroundIntensity;backgroundIntensity;fg/bg ratio;integratedGradientMag
1;25312;398;320;7;79;79;11;0;0;0;8.58073;67.0571;69.3986;0.992327;8.08773;1.38414;9337.9;0;0.428571;6;0.184874;0.97479;0;0.722689;25312;504579;0.368912;0.0740921;4.9791;1201.22
2;2504;658;180;11;49;45;9;1.06743;0.290604;0.0161;5.96393;27.8743;29.7136;0.97965;4.98222;2.78279;1242.24;0;0.676471;5;0.256303;1;0.00840336;0.987395;2504;362371;0.496103;0.0773541;6.41339;269.09
3;17038;222;188;11;66;67;10;0;0;0;7.97263;56.0768;58.5269;0.990678;7.34098;1.98287;6484.01;0;0.508403;5;0.193277;0.987395;0.00420168;0.756303;17038;388703;0.380562;0.0787829;4.83051;794.971
4;10703;132;233;11;62;64;9;0;0;0;8.02612;43.5111;53.0345;0.988482;6.60774;2.37136;3607.84;0;0.478992;5;0.176471;0.962185;0.00840336;0.777311;10703;395038;0.337087;0.0738645;4.56359;535.036
5;27436;609;242;11;78;80;11;0;0;0;9.17194;65.5003;68.6816;0.991043;7.48824;0.974843;11739.7;0;0.516807;6;0.218487;0.991597;0.00840336;1;27436;614011;0.427894;0.073218;5.84411;1406.82
6;11101;174;334;12;64;63;10;0;0;0;7.92508;45.2478;55.0058;0.989566;6.94072;2.66981;3711.08;0;0.268908;5;0.172269;0.983193;0.00840336;0.668067;11101;394640;0.334302;0.0765231;4.36864;575.801
7;22559;434;111;17;76;77;11;0;0;0;9.0621;60.9009;65.8422;0.990483;7.26567;0.155585;9230.92;0;0.504202;6;0.210084;0.991597;0.00420168;0.756303;22559;674666;0.409189;0.0661955;6.18153;1150.12
8;24440;284;274;22;79;79;11;0;0;0;9.73945;65.8656;68.4499;0.989826;7.0281;1.87956;6221.99;0;0.247899;6;0.130252;0.84874;0.00420168;0.987395;24440;589118;0.254583;0.0744296;3.42046;600.617
9;26761;474;366;22;79;79;11;0;0;0;9.65939;66.4411;68.0978;0.989889;7.04991;2.91868;9707.21;0;0.57563;6;0.184874;0.962185;0.00420168;0.928571;26761;586797;0.36274;0.0725919;4.99697;1076.03
