id;size;xpos;ypos;zpos;xsize;ysize;zsize;weightedx;weightedy;weightedz;minaxis;medaxis;majaxis;eccentricity;elongation;orientation;integratedintensty;sigma;seedIntensity;seedScale;minIntensityForeground;maxIntensityForeground;minIntensityBackground;maxIntensityBackground;volumeForeground;volumeBackground;foregroundIntensity;backgroundIntensity;fg/bg ratio;integratedGradientMag
1;25858;400;321;7;78;79;11;0;0;0;8.39121;68.8672;69.7065;0.992728;8.30709;1.0508;9766.23;0;0.411765;6;0.193277;0.97479;0.00840336;0.878151;25858;504033;0.377687;0.0754459;5.00607;1176.26
2;23831;223;181;10;76;79;11;0;0;0;9.04515;62.8784;65.6005;0.990449;7.25256;1.96994;8817.31;0;0.252101;6;0.189076;0.966387;0.00840336;0.886555;23831;589727;0.369994;0.0764416;4.84022;1110.36
3;2539;657;175;11;55;53;9;2.10281;0.555129;0.0365844;5.87829;28.8584;31.0605;0.981928;5.28394;3.05748;1257.37;0;0.735294;5;0.256303;1;0.00840336;0.966387;2539;362336;0.495221;0.0807573;6.13221;270.733
4;12649;120;197;11;63;64;10;0;0;0;7.52213;50.0504;54.1183;0.990293;7.19454;3.0835;4724.98;0;0.323529;5;0.193277;0.97479;0.00840336;0.642857;12649;393092;0.373545;0.0695387;5.37175;706.15
5;29101;606;231;12;78;79;12;0;0;0;9.29601;67.1592;70.2672;0.99121;7.55886;0.98633;12493.2;0;0.638655;6;0.218487;0.97479;0.00840336;1;29101;640235;0.429306;0.0725358;5.91854;1463.91
6;14211;181;338;12;64;67;10;0;0;0;7.8718;52.7617;54.9633;0.989691;6.98231;2.51643;5001.03;0;0.65126;5;0.180672;0.991597;0.00420168;0.735294;14211;391530;0.351912;0.0754624;4.66341;691.696
7;24958;443;109;18;78;79;11;0;0;0;9.11966;64.357;67.6125;0.990862;7.41393;0.651704;9834.84;0;0.289916;6;0.201681;0.966387;0.00840336;0.747899;24958;672267;0.394057;0.0649739;6.06485;1193.37
8;24773;273;254;21;79;80;11;0;0;0;9.5436;66.4272;69.1556;0.990432;7.24628;1.30408;6682.86;0;0.453782;6;0.138655;0.92437;0.00420168;0.966387;24773;616674;0.269764;0.0791474;3.40837;650.81
9;26813;467;365;21;78;78;11;0;0;0;9.45282;66.3627;69.0849;0.990595;7.30839;0.410482;9788.31;0;0.62605;6;0.189076;0.987395;0.00840336;0.936975;26813;614634;0.365061;0.075343;4.84532;1021.98
