id;size;xpos;ypos;zpos;xsize;ysize;zsize;weightedx;weightedy;weightedz;minaxis;medaxis;majaxis;eccentricity;elongation;orientation;integratedintensty;sigma;seedIntensity;seedScale;minIntensityForeground;maxIntensityForeground;minIntensityBackground;maxIntensityBackground;volumeForeground;volumeBackground;foregroundIntensity;backgroundIntensity;fg/bg ratio;integratedGradientMag
1;26738;402;330;7;77;79;11;0;0;0;8.56459;68.1651;70.808;0.992658;8.26753;1.4583;10142.5;0;0.369748;6;0.193277;0.962185;0.00840336;0.789916;26738;503153;0.379331;0.0757489;5.00774;1166.89
2;23931;229;183;10;76;79;11;0;0;0;9.08174;63.0361;66.0651;0.990506;7.2745;2.25031;8885.05;0;0.542017;6;0.193277;0.97479;0.00840336;0.806723;23931;589627;0.371278;0.0761891;4.87311;1100.23
3;13577;108;197;10;62;65;10;0;0;0;7.57581;51.2458;54.3936;0.990253;7.17991;0.0202147;5439.86;0;0.609244;5;0.205882;0.987395;0.00840336;0.655462;13577;372843;0.400667;0.0665915;6.01679;806.753
4;2548;658;179;11;58;53;8;2.0801;0.56673;0.0361075;5.73151;28.582;33.7635;0.985486;5.89085;2.64511;1273.97;0;0.815126;5;0.256303;1;0.00420168;0.987395;2548;353570;0.49999;0.0903777;5.53223;268.455
5;15317;180;357;11;65;66;10;0;0;0;7.94384;53.728;55.9322;0.989863;7.04095;2.13549;6120.29;0;0.415966;5;0.210084;0.97479;0.012605;0.815126;15317;390424;0.399576;0.0739854;5.40073;809.53
6;30310;610;218;13;78;79;11;0;0;0;9.39808;68.3242;70.4343;0.991058;7.49454;0.813844;13117.9;0;0.789916;6;0.218487;0.987395;0.00420168;1;30310;666915;0.43279;0.0719857;6.01217;1456.7
7;24936;448;116;18;79;78;11;0;0;0;9.19055;63.7802;67.8879;0.990794;7.3867;0.252579;9739.04;0;0.352941;6;0.197479;0.978992;0.00420168;0.903361;24936;672289;0.390563;0.0658367;5.93229;1149.21
8;25666;267;247;21;79;80;11;0;0;0;9.72888;67.6105;68.7939;0.98995;7.0711;1.26537;7283.01;0;0.218487;6;0.147059;0.861345;0.00420168;0.97479;25666;615781;0.283759;0.0796372;3.56315;704.747
9;36555;463;369;22;92;91;13;0;0;0;10.7555;74.5583;77.2826;0.990268;7.18539;0.858314;12429;0;0.621849;7;0.176471;0.97479;0.00840336;0.962185;36555;857421;0.340011;0.0717404;4.73946;1360.16
