id;size;xpos;ypos;zpos;xsize;ysize;zsize;weightedx;weightedy;weightedz;minaxis;medaxis;majaxis;eccentricity;elongation;orientation;integratedintensty;sigma;seedIntensity;seedScale;minIntensityForeground;maxIntensityForeground;minIntensityBackground;maxIntensityBackground;volumeForeground;volumeBackground;foregroundIntensity;backgroundIntensity;fg/bg ratio;integratedGradientMag
1;27067;404;321;7;79;79;11;0;0;0;8.53022;69.2375;71.4302;0.992844;8.37379;0.784809;10510.7;0;0.430962;6;0.200837;0.983264;0.0125523;0.786611;27067;502824;0.388321;0.079068;4.91123;1213.97
2;24667;228;191;9;76;78;11;0;0;0;8.93826;65.0515;66.831;0.991016;7.47695;1.94242;9241.81;0;0.405858;6;0.196653;0.983264;0.0125523;0.778243;24667;561002;0.374662;0.0776923;4.82239;1126.3
3;14637;102;219;10;64;65;10;0;0;0;7.71901;53.1839;55.0545;0.990122;7.13233;0.140062;5904.83;0;0.74477;5;0.209205;0.949791;0.0125523;0.631799;14637;371783;0.403418;0.0703112;5.73761;852.342
4;15985;182;381;10;66;67;10;0;0;0;7.75506;55.8785;57.2797;0.990792;7.3861;2.45486;6543.11;0;0.464435;5;0.213389;0.974895;0.0125523;0.824268;15985;370435;0.409328;0.0767422;5.3338;829.386
5;2882;656;179;11;52;58;9;0.981235;0.26876;0.0178677;5.98816;29.5465;38.9467;0.988109;6.50395;2.88242;1343.21;0;0.790795;5;0.242678;1;0.0125523;1;2882;361993;0.466067;0.0922129;5.05426;276.359
6;39822;597;196;15;91;91;13;0.0745691;0.0245066;0.00197534;10.7778;74.9305;77.1239;0.990187;7.15578;1.12425;16199.7;0;0.389121;7;0.209205;1;0.0083682;1;39822;1040399;0.406798;0.0704712;5.77255;1837.59
7;27321;427;122;17;79;79;11;0;0;0;9.36619;65.845;69.282;0.99082;7.39703;0.326515;10222.8;0;0.60251;6;0.192469;0.979079;0.0125523;0.83682;27321;669904;0.374171;0.071889;5.20484;1132.71
8;24401;248;261;21;80;79;11;0;0;0;9.67056;67.1033;67.3669;0.989643;6.96619;2.82969;6680.22;0;0.25523;6;0.142259;0.920502;0.0125523;0.983264;24401;617046;0.273765;0.0815878;3.35546;613.674
9;37744;462;378;22;89;91;13;0;0;0;10.7775;74.8797;77.886;0.99038;7.22671;0.205924;13071.4;0;0.276151;7;0.179916;0.970711;0.0125523;0.983264;37744;856232;0.346316;0.0746227;4.64089;1387.02
