id;size;xpos;ypos;zpos;xsize;ysize;zsize;weightedx;weightedy;weightedz;minaxis;medaxis;majaxis;eccentricity;elongation;orientation;integratedintensty;sigma;seedIntensity;seedScale;minIntensityForeground;maxIntensityForeground;minIntensityBackground;maxIntensityBackground;volumeForeground;volumeBackground;foregroundIntensity;backgroundIntensity;fg/bg ratio;integratedGradientMag
1;27089;414;310;7;80;79;11;0;0;0;8.63834;69.6113;71.1044;0.992593;8.23125;0.716687;10222;0;0.389121;6;0.196653;0.983264;0.0125523;0.841004;27089;502802;0.37735;0.0800238;4.71547;1139.8
2;26186;230;202;9;78;79;11;0;0;0;9.22823;65.2988;67.3198;0.99056;7.29498;2.01315;9503.71;0;0.539749;6;0.1841;0.970711;0.0041841;0.966527;26186;559483;0.362933;0.0827666;4.38502;1139.18
3;15255;104;225;10;65;66;10;0;0;0;7.95872;53.7692;54.9475;0.989455;6.90406;0.12207;6155;0;0.393305;5;0.209205;0.966527;0.0125523;0.707113;15255;371165;0.403476;0.0709224;5.68899;833.355
4;17611;190;383;10;67;67;11;0;0;0;8.00715;57.2558;58.5309;0.990598;7.30983;0.536462;7070.61;0;0.460251;5;0.209205;0.970711;0.0125523;0.665272;17611;368809;0.401488;0.0760649;5.27823;854.882
5;2825;655;179;11;50;52;9;0;0;0;5.7685;28.5689;39.5778;0.989321;6.86103;2.99328;1311.99;0;0.51046;5;0.242678;0.987448;0.0125523;0.979079;2825;362050;0.46442;0.0895663;5.18521;268.276
6;38568;594;190;15;91;91;13;0;0;0;9.95656;78.0451;78.7958;0.991985;7.91396;1.27199;15475.2;0;0.334728;7;0.209205;0.979079;0.0125523;0.987448;38568;1041653;0.401242;0.070423;5.6976;1860.75
7;26089;401;113;18;79;78;11;0.0799794;0.0220248;0.00385688;9.36347;63.2113;69.5127;0.990886;7.42382;0.0501215;9852.54;0;0.506276;6;0.192469;1;0.0083682;0.845188;26089;671136;0.37765;0.070137;5.38446;1073.58
8;35930;237;260;20;90;92;13;0;0;0;10.8801;75.485;77.8528;0.990187;7.15555;1.53013;9941.03;0;0.51046;7;0.142259;0.966527;0.0041841;0.970711;35930;932544;0.27668;0.0795339;3.47877;999.993
9;39522;453;362;22;91;92;13;0;0;0;11.0294;76.0085;79.3244;0.990287;7.19209;0.833137;12065.6;0;0.221757;7;0.154812;0.941423;0;0.983264;39522;854454;0.305293;0.074858;4.0783;1227.22
