id;size;xpos;ypos;zpos;xsize;ysize;zsize;weightedx;weightedy;weightedz;minaxis;medaxis;majaxis;eccentricity;elongation;orientation;integratedintensty;sigma;seedIntensity;seedScale;minIntensityForeground;maxIntensityForeground;minIntensityBackground;maxIntensityBackground;volumeForeground;volumeBackground;foregroundIntensity;backgroundIntensity;fg/bg ratio;integratedGradientMag
1;26137;427;303;7;79;80;11;0;0;0;8.80939;69.4275;70.4298;0.992147;7.99486;3.00874;9216.75;0;0.445378;6;0.180672;0.995798;0.00840336;0.962185;26137;503754;0.352633;0.0779832;4.52191;1112.13
2;26853;234;192;8;76;78;11;0;0;0;9.17953;66.9009;67.3714;0.990674;7.33931;0.97504;10016.6;0;0.382353;6;0.189076;0.966387;0;0.84874;26853;530927;0.373017;0.0738469;5.05122;1193.94
3;23410;208;392;9;77;77;11;0;0;0;8.58905;64.2363;67.3615;0.991838;7.84271;0.701434;8664.64;0;0.441176;6;0.193277;0.983193;0.00840336;0.726891;23410;562259;0.370126;0.0678394;5.45592;1125.71
4;2583;658;179;11;52;58;8;4.08158;1.10739;0.0680521;6.13553;30.8234;31.1224;0.980375;5.07248;0.135856;1293.13;0;0.823529;5;0.256303;1;0.00420168;1;2583;362292;0.50063;0.0694997;7.20334;262.238
5;15841;102;235;11;65;67;10;0;0;0;7.95651;54.7578;56.2031;0.989929;7.06378;1.62424;6298.31;0;0.319328;5;0.205882;0.991597;0.00840336;0.697479;15841;389900;0.397595;0.0673493;5.90349;825.892
6;8367;582;194;16;62;63;10;1.11572;0.381847;0.0302977;8.23704;32.643;59.3562;0.990324;7.20602;2.23708;4158.74;0;0.852941;5;0.256303;1;0.00840336;0.802521;8367;397374;0.497039;0.0833621;5.96242;606.877
7;27265;388;122;17;79;78;11;0;0;0;9.1942;66.5805;70.5864;0.991481;7.67727;3.05535;10851.4;0;0.47479;6;0.205882;0.970588;0.00840336;0.878151;27265;669960;0.397997;0.0676826;5.88034;1247.24
8;11272;205;264;21;66;67;11;0;0;0;8.31072;54.0008;54.9443;0.988494;6.61125;1.62455;2343.71;0;0.340336;5;0.109244;0.747899;0.00840336;0.966387;11272;394469;0.207923;0.0803251;2.58852;216.931
9;9850;444;357;21;64;63;11;0;0;0;8.15112;41.4054;59.4213;0.990547;7.28996;0.380965;3440.07;0;0.470588;5;0.180672;0.970588;0.00840336;0.802521;9850;395891;0.349245;0.0781343;4.4698;619.531
